,date,snippet-count,positive-polarity,negative-polarity,polarity,happy,sad,angry,fear,surprise
0,2009-07-05,39,0.24535628392771244,-0.5,0.10831767438910293,0.16512820512820514,0.17051282051282052,0.01717948717948718,0.46512820512820513,0.18025641025641026
1,2009-07-12,302,0.2430090772292607,-0.20606999269005846,0.06934848030552264,0.12082781456953642,0.1630794701986755,0.03543046357615894,0.4758278145695364,0.1935430463576159
2,2009-07-19,150,0.2196427587563951,-0.23333206250819885,0.05430901274651274,0.054599999999999996,0.1664,0.03393333333333333,0.5241333333333333,0.21280000000000002
3,2009-07-26,125,0.23402611832611833,-0.31085858585858583,0.07448999518999519,0.060880000000000004,0.22208,0.042,0.43792000000000003,0.22856
4,2009-08-02,78,0.26881008211365354,-0.235625,0.1328294076954791,0.059743589743589745,0.21153846153846154,0.043974358974358974,0.4928205128205128,0.19128205128205128
5,2009-08-09,105,0.2517399637399637,-0.2977580492424242,0.04939188311688312,0.06819047619047619,0.1844761904761905,0.03857142857142857,0.47419047619047616,0.23342857142857143
6,2009-08-16,86,0.22673304473304473,-0.2141493055555555,0.09717959285546494,0.05848837209302326,0.1819767441860465,0.051162790697674425,0.5032558139534884,0.1930232558139535
7,2009-08-23,69,0.2583531746031746,-0.38020833333333326,0.10175233180667963,0.10405797101449277,0.16884057971014493,0.030869565217391304,0.41652173913043483,0.2794202898550725
8,2009-08-30,56,0.2622647849462365,-0.1399999999999999,0.14753264468666252,0.0642857142857143,0.19035714285714286,0.014464285714285716,0.5126785714285714,0.21696428571428572
9,2009-09-06,71,0.2967846700083542,-0.21042410714285711,0.03447266934942992,0.06338028169014084,0.20788732394366197,0.02380281690140845,0.48746478873239435,0.20352112676056336
10,2009-09-13,67,0.23890768398268394,-0.2677706916099773,0.0379681005147423,0.07253731343283583,0.22597014925373135,0.02029850746268657,0.46671641791044777,0.2143283582089552
11,2009-09-20,47,0.2331240981240981,,0.09725639756224859,0.08978723404255319,0.1676595744680851,0.04595744680851064,0.5110638297872341,0.18553191489361703
12,2009-09-27,214,0.2556206465002761,-0.2559624017957351,0.08662393551412242,0.087196261682243,0.20046728971962616,0.04504672897196262,0.4528504672897196,0.2094392523364486
13,2009-10-04,71,0.28872260015117157,-0.251852904040404,0.06975629026685363,0.05661971830985916,0.20295774647887324,0.029436619718309857,0.5029577464788733,0.20661971830985915
14,2009-10-11,156,0.254880491848577,-0.2814657738095238,0.05407504835332216,0.08051282051282052,0.21307692307692308,0.029230769230769234,0.4387179487179487,0.22493589743589745
15,2009-10-18,116,0.292122133185963,-0.27388888888888885,0.09140181836841318,0.05551724137931035,0.1664655172413793,0.02879310344827586,0.5005172413793104,0.24793103448275863
16,2009-10-25,196,0.28179066859066854,-0.22257034632034628,0.08234074174125194,0.07127551020408164,0.15474489795918367,0.0351530612244898,0.4971428571428571,0.23571428571428574
17,2009-11-01,127,0.23722487345106388,-0.27504461279461273,0.05749581221178521,0.053385826771653544,0.1837007874015748,0.03267716535433071,0.5022834645669291,0.22755905511811023
18,2009-11-08,105,0.2814332955404384,-0.25505839646464645,0.0854158335051192,0.08323809523809524,0.17314285714285715,0.047809523809523816,0.47085714285714286,0.21523809523809526
19,2009-11-15,103,0.22692850056689337,-0.17158332597108106,0.06164933276193678,0.07262135922330097,0.16582524271844662,0.041359223300970874,0.561747572815534,0.13893203883495145
20,2009-11-22,156,0.2641744711142032,-0.24620225694444442,0.06997938172938173,0.07653846153846154,0.1967948717948718,0.04737179487179487,0.45737179487179486,0.2205128205128205
21,2009-11-29,315,0.2672446679748081,-0.25031155391449506,0.05583689502737121,0.08784126984126985,0.18942857142857145,0.028698412698412702,0.4905714285714286,0.1961904761904762
22,2009-12-06,603,0.23648271720969088,-0.21258188831777539,0.05774021267062015,0.05714759535655058,0.1792039800995025,0.0369983416252073,0.5101492537313433,0.21422885572139305
23,2009-12-13,1923,0.23639781768868862,-0.2530692945804886,0.061802728556094755,0.06494019760790432,0.17852834113364535,0.03722828913156526,0.4748725949037962,0.2354810192407696
24,2009-12-20,1098,0.2567035889282913,-0.25364438233137826,0.0806966666770287,0.0708287795992714,0.19266848816029145,0.03996357012750456,0.4645810564663024,0.21762295081967215
25,2009-12-27,265,0.25752171143371433,-0.26696599616858235,0.07331659445052302,0.06445283018867926,0.21928301886792453,0.03905660377358491,0.4350188679245283,0.22641509433962265
26,2010-01-03,79,0.22967438358742706,-0.28842179232804227,0.02918736414780718,0.07835443037974683,0.20772151898734179,0.02291139240506329,0.49050632911392406,0.18582278481012657
27,2010-01-10,139,0.2498977633477633,-0.26247176434676434,0.041609050422000055,0.06683453237410072,0.17532374100719425,0.03784172661870504,0.47597122302158273,0.22805755395683452
28,2010-01-17,92,0.2809484534282921,-0.20031144781144777,0.05910310822286754,0.08380434782608695,0.21880434782608696,0.034456521739130434,0.4248913043478261,0.2373913043478261
29,2010-01-24,75,0.28094370039682537,-0.20594396344396343,0.07901941638608305,0.061333333333333344,0.17906666666666665,0.03933333333333334,0.4224,0.2964
30,2010-01-31,192,0.2460063741405653,-0.24885076252723307,0.07283561772773081,0.0715625,0.19875,0.056302083333333336,0.47734375,0.19541666666666668
31,2010-02-07,119,0.2445523689273689,-0.24371136964886964,0.045127100082457225,0.07504201680672269,0.20890756302521007,0.09277310924369749,0.45596638655462185,0.15773109243697478
32,2010-02-14,501,0.23065572275279847,-0.23370260196153053,0.03975520944985587,0.08023952095808384,0.1703193612774451,0.02634730538922156,0.48351297405189625,0.23469061876247505
33,2010-02-21,304,0.21356381024082882,-0.3222644694715007,0.03799910248938091,0.08118421052631579,0.16973684210526316,0.05881578947368421,0.4554934210526316,0.23072368421052633
34,2010-02-28,102,0.22126165501165498,-0.25070601851851854,0.023794244970715556,0.05352941176470588,0.2227450980392157,0.04470588235294118,0.49470588235294116,0.18352941176470586
35,2010-03-07,93,0.23411189820280728,-0.34607142857142853,0.052261895064314424,0.1053763440860215,0.1467741935483871,0.09473118279569893,0.4939784946236559,0.1586021505376344
36,2010-03-14,94,0.2464748130657221,-0.27499999999999997,0.057239271514537476,0.051808510638297875,0.20393617021276597,0.07606382978723404,0.5011702127659574,0.16648936170212766
37,2010-03-21,47,0.2633982683982684,-0.29823863636363634,-0.024577806944828206,0.046595744680851064,0.20872340425531916,0.06553191489361702,0.49255319148936166,0.18574468085106383
38,2010-03-28,96,0.27239720418470414,-0.23157771915584416,0.1021913611562049,0.07145833333333333,0.20468750000000002,0.033229166666666664,0.49,0.2003125
39,2010-04-04,195,0.25504845220916644,-0.22429473304473302,0.10012423158851728,0.09384615384615384,0.1914871794871795,0.02984615384615385,0.45266666666666666,0.22630769230769232
40,2010-04-11,116,0.2883041670069972,-0.22481628787878788,0.12157869489227247,0.058362068965517246,0.2142241379310345,0.10189655172413793,0.4894827586206897,0.13543103448275862
41,2010-04-18,127,0.25510788952649416,-0.20850694444444443,0.07764842441023542,0.06787401574803151,0.17795275590551182,0.09622047244094489,0.47669291338582676,0.18078740157480316
42,2010-04-25,246,0.24192685187182694,-0.21103156565656564,0.06731291242578988,0.07333333333333333,0.1623170731707317,0.07174796747967481,0.5119918699186992,0.18004065040650405
43,2010-05-02,218,0.26065906868896,-0.23605623029234138,0.0609359892889136,0.08178899082568808,0.21096330275229358,0.02798165137614679,0.4857798165137615,0.18357798165137615
44,2010-05-09,50,0.23558441558441556,-0.35555555555555557,0.05120009276437845,0.08440000000000002,0.2304,0.0226,0.4446,0.2168
45,2010-05-16,106,0.2685733637920227,-0.26508547008547007,0.09591585488485757,0.10537735849056604,0.18716981132075472,0.022452830188679246,0.5082075471698113,0.17622641509433962
46,2010-05-23,0,,,,,,,,
47,2010-05-30,0,,,,,,,,
48,2010-06-06,0,,,,,,,,
49,2010-06-13,17,0.4371088435374149,-0.1666666666666666,0.16449579831932773,0.09705882352941177,0.2635294117647059,0.05705882352941177,0.29470588235294115,0.2882352941176471
50,2010-06-20,180,0.2403040346648301,-0.2383325216450216,0.05495741547180039,0.076,0.1911111111111111,0.04105555555555556,0.45444444444444443,0.23672222222222222
51,2010-06-27,32,0.3409940676607343,-0.17542087542087537,0.15116717772967772,0.096875,0.1975,0.0753125,0.4375,0.19125
52,2010-07-04,67,0.2643362193362193,-0.23582175925925922,0.03327973036794999,0.07477611940298508,0.18194029850746268,0.054029850746268655,0.47044776119402987,0.21805970149253734
53,2010-07-11,81,0.24543135435992577,-0.2058509199134199,0.05027785571767054,0.0734567901234568,0.17740740740740743,0.043333333333333335,0.48395061728395067,0.22123456790123458
54,2010-07-18,47,0.2755284541847042,-0.14988425925925924,0.11514151136491561,0.044468085106382976,0.20106382978723403,0.05978723404255319,0.4704255319148936,0.22319148936170213
55,2010-07-25,41,0.33917748917748913,-0.25601851851851853,0.050169112730088325,0.04390243902439025,0.19902439024390245,0.04634146341463415,0.514390243902439,0.19609756097560974
56,2010-08-01,33,0.21424221611721606,-0.3483796296296296,0.04934286042240586,0.08484848484848485,0.1484848484848485,0.026363636363636363,0.4903030303030303,0.24787878787878787
57,2010-08-08,27,0.3043810125060125,-0.15583333333333324,0.13508636630858853,0.12444444444444444,0.2437037037037037,0.03370370370370371,0.38074074074074077,0.21703703703703706
58,2010-08-15,93,0.23663082425731233,-0.18595147907647905,0.0725179045225128,0.10258064516129033,0.16021505376344086,0.03698924731182796,0.4309677419354839,0.2681720430107527
59,2010-08-22,39,0.2514164333995161,-0.2778409090909091,0.0924598615670044,0.11384615384615386,0.21692307692307694,0.027692307692307693,0.38897435897435895,0.2505128205128205
60,2010-08-29,129,0.28897013432727714,-0.2574300334168755,0.050130130804964694,0.06317829457364342,0.16666666666666666,0.02201550387596899,0.5106976744186046,0.22899224806201549
61,2010-09-05,30,0.2207069418676561,-0.19190476190476186,0.026941043083900232,0.051333333333333335,0.07200000000000001,0.04566666666666667,0.6739999999999999,0.15666666666666668
62,2010-09-12,80,0.28748015873015875,-0.26894731040564374,0.040598462301587306,0.06525,0.160375,0.03075,0.47862499999999997,0.264375
63,2010-09-19,34,0.1511742424242424,-0.24270833333333333,-0.0010634405277262337,0.05529411764705883,0.20676470588235296,0.055,0.5129411764705882,0.16970588235294118
64,2010-09-26,60,0.21595450400186422,-0.3424404761904762,0.04435143312375455,0.060000000000000005,0.16966666666666666,0.030500000000000003,0.48283333333333334,0.2395
65,2010-10-03,98,0.21653343782654125,-0.17956349206349206,0.04920898305209528,0.05959183673469388,0.15112244897959184,0.014081632653061225,0.43999999999999995,0.31510204081632653
66,2010-10-10,88,0.2714220779220779,-0.21197716965574107,0.06158351985766757,0.06920454545454545,0.1559090909090909,0.026022727272727274,0.5064772727272727,0.2409090909090909
67,2010-10-17,52,0.24976280663780662,-0.25,0.08560904373404371,0.08692307692307694,0.18192307692307694,0.04576923076923077,0.42403846153846153,0.2428846153846154
68,2010-10-24,42,0.30078801406926403,-0.1863215488215488,0.08733001786573215,0.0719047619047619,0.22166666666666668,0.03785714285714286,0.48047619047619045,0.18738095238095237
69,2010-10-31,21,0.262747113997114,,0.14395485466914038,0.06714285714285714,0.2180952380952381,0.017619047619047618,0.4471428571428572,0.24904761904761907
70,2010-11-07,70,0.30156233998975934,-0.37005208333333334,0.09149443413729128,0.039857142857142855,0.15157142857142855,0.03514285714285714,0.43814285714285717,0.3208571428571429
71,2010-11-14,98,0.19355071652485442,-0.3209403559403559,0.01590429672435868,0.06285714285714286,0.17816326530612245,0.03806122448979592,0.5127551020408163,0.19693877551020408
72,2010-11-21,89,0.25219705133004,-0.2678130511463845,0.08322314679256893,0.10797752808988766,0.14617977528089887,0.028426966292134835,0.4989887640449438,0.21741573033707867
73,2010-11-28,89,0.2636912234590806,-0.35903235653235654,0.05611331006696175,0.07168539325842696,0.2156179775280899,0.0501123595505618,0.44438202247191005,0.21775280898876404
74,2010-12-05,81,0.27392475371328756,-0.18264249639249636,0.11899407752251666,0.06172839506172839,0.17024691358024693,0.019012345679012346,0.524320987654321,0.22382716049382714
75,2010-12-12,50,0.23742555102849217,-0.23033333333333333,0.05463490860990861,0.0596,0.2174,0.0444,0.40740000000000004,0.2712
76,2010-12-19,41,0.1773809523809523,-0.2297178130511463,-0.02505514326942898,0.05780487804878049,0.2178048780487805,0.04341463414634147,0.474390243902439,0.20536585365853657
77,2010-12-26,48,0.2601785714285714,-0.2078236607142857,0.032714928300865795,0.0825,0.18541666666666667,0.05666666666666667,0.45416666666666666,0.219375
78,2011-01-02,221,0.226639483771565,-0.22712506337506336,0.027591453247965848,0.07398190045248869,0.19058823529411764,0.04963800904977376,0.4529864253393665,0.23217194570135746
79,2011-01-09,95,0.24019682539682538,-0.23147005772005771,0.018670003607503607,0.07010526315789474,0.23652631578947367,0.061789473684210526,0.3917894736842105,0.2394736842105263
80,2011-01-16,8,,-0.15769230769230766,-0.03786057692307693,0.03125,0.24000000000000002,0.08125,0.46375,0.18125000000000002
81,2011-01-23,45,0.26906337825534254,-0.2145833333333333,0.16733876997488106,0.04822222222222222,0.2066666666666667,0.042,0.5013333333333334,0.17777777777777778
82,2011-01-30,76,0.20515130190007036,-0.2624320124320124,0.03700641450758931,0.08539473684210526,0.215,0.0618421052631579,0.4144736842105263,0.20894736842105263
83,2011-02-06,26,0.2049715909090909,-0.19333333333333327,0.034388632201132203,0.04307692307692308,0.18884615384615386,0.05846153846153846,0.46153846153846156,0.24615384615384617
84,2011-02-13,36,0.2451697459286745,-0.275,0.06626263819220167,0.013055555555555556,0.20555555555555557,0.03361111111111111,0.45722222222222225,0.29
85,2011-02-20,22,0.2316666666666666,-0.29529761904761903,-0.0726957512184785,0.04181818181818182,0.10227272727272728,0.0890909090909091,0.504090909090909,0.21772727272727274
86,2011-02-27,17,0.19777380952380952,-0.24083333333333332,-0.005534441049146928,0.10058823529411764,0.12705882352941178,0.09352941176470589,0.5552941176470588,0.12176470588235296
87,2011-03-06,23,0.21527033730158726,,0.11164962905452035,0.1334782608695652,0.1982608695652174,0.03173913043478261,0.46956521739130436,0.16478260869565217
88,2011-03-13,14,0.17916666666666659,-0.17641369047619043,-0.03090986394557823,0.054285714285714284,0.2714285714285714,0.13285714285714284,0.3992857142857143,0.14285714285714285
89,2011-03-20,49,0.24853336940836937,-0.23610537190082645,0.06348378586643892,0.08163265306122448,0.21551020408163266,0.07122448979591837,0.45816326530612245,0.17326530612244898
90,2011-03-27,40,0.24756878306878305,-0.25222222222222224,0.0713288465007215,0.09525,0.17225000000000001,0.11274999999999999,0.4365,0.18275000000000002
91,2011-04-03,33,0.2861204481792717,-0.3830808080808081,0.11146956578774758,0.07575757575757576,0.16393939393939394,0.09090909090909091,0.4633333333333333,0.17515151515151517
92,2011-04-10,102,0.27499616223020473,-0.37083333333333335,0.07377682638712049,0.07911764705882353,0.18823529411764706,0.06274509803921569,0.3788235294117647,0.2902941176470588
93,2011-04-17,23,0.233125,-0.15,0.10405797101449274,0.13217391304347825,0.14434782608695654,0.09217391304347826,0.41739130434782606,0.21304347826086958
94,2011-04-24,77,0.2927765232887413,-0.3519116548134405,0.1187591509449116,0.11714285714285713,0.17129870129870128,0.06675324675324674,0.4538961038961039,0.18961038961038962
95,2011-05-01,66,0.25783068783068785,-0.2570603426555807,-0.01587504021351423,0.08666666666666667,0.15181818181818182,0.04303030303030303,0.5015151515151516,0.18545454545454546
96,2011-05-08,15,0.15631433381433377,,0.12912217412217408,0.035333333333333335,0.132,0.06466666666666668,0.5393333333333333,0.22933333333333333
97,2011-05-15,30,0.228013653013653,-0.44,0.08737878787878788,0.05433333333333333,0.27133333333333337,0.05366666666666667,0.45366666666666666,0.16633333333333333
98,2011-05-22,38,0.29245275888133027,-0.1708333333333333,0.09301262829693281,0.04921052631578947,0.16947368421052633,0.009736842105263158,0.5244736842105263,0.24578947368421053
99,2011-05-29,66,0.23584102712443727,-0.23597236097236093,0.06484154938375718,0.06136363636363636,0.16606060606060608,0.03848484848484848,0.5056060606060606,0.22772727272727275
100,2011-06-05,29,0.24488765203050913,-0.220625,0.02324714716956095,0.08482758620689655,0.22137931034482758,0.012758620689655172,0.5248275862068966,0.15620689655172415
101,2011-06-12,100,0.23583034712201376,-0.3262103174603174,0.08508326247165533,0.1405,0.1746,0.0241,0.4524,0.19830000000000003
102,2011-06-19,56,0.23806508967223247,-0.1589583333333333,0.1076118556188709,0.0894642857142857,0.19142857142857145,0.024642857142857143,0.4644642857142857,0.22785714285714284
103,2011-06-26,131,0.25207347711811995,-0.36070956160241874,0.059824037815450024,0.0869465648854962,0.18091603053435115,0.022977099236641225,0.4638931297709924,0.24419847328244276
104,2011-07-03,33,0.2232244318181818,-0.33055555555555555,0.08216942148760331,0.06393939393939393,0.20575757575757575,0.00787878787878788,0.46515151515151515,0.2563636363636364
105,2011-07-10,27,0.20777295215606897,-0.3179166666666667,0.026040986680867625,0.06851851851851852,0.28259259259259256,0.0,0.43703703703703706,0.2125925925925926
106,2011-07-17,39,0.222451449013949,-0.17391975308641971,0.03165861915861915,0.07461538461538463,0.17435897435897435,0.03769230769230769,0.4292307692307692,0.28384615384615386
107,2011-07-24,50,0.24537865225835145,-0.2648809523809524,0.05494275149453721,0.0558,0.2186,0.032,0.515,0.1764
108,2011-07-31,26,0.24994047619047619,-0.2666666666666666,0.04319482600732601,0.06538461538461539,0.17346153846153844,0.05230769230769231,0.4076923076923077,0.26153846153846155
109,2011-08-07,46,0.25005411255411253,-0.21952380952380945,-0.0029314075762057056,0.12760869565217392,0.16195652173913044,0.01782608695652174,0.4917391304347826,0.1791304347826087
110,2011-08-14,47,0.24168157398157397,-0.16369047619047616,0.11902641979769639,0.1072340425531915,0.225531914893617,0.048936170212765966,0.3997872340425532,0.21914893617021278
111,2011-08-21,219,0.1976786877996555,-0.25588779783901733,0.012528750015295997,0.053378995433789954,0.17378995433789957,0.02821917808219178,0.5038356164383562,0.23972602739726026
112,2011-08-28,110,0.20720964470964467,-0.23384589947089943,0.0432700271109362,0.04918181818181818,0.1809090909090909,0.03063636363636364,0.4597272727272727,0.2786363636363636
113,2011-09-04,122,0.20941871493923164,-0.21121336996336992,0.037214416877033966,0.07213114754098361,0.18598360655737706,0.05032786885245902,0.5159016393442623,0.17540983606557375
114,2011-09-11,104,0.23256753060324487,-0.21138095238095236,0.06473584127258576,0.06615384615384615,0.16480769230769232,0.014326923076923077,0.5041346153846153,0.24961538461538463
115,2011-09-18,39,0.32412280701754387,-0.2735763888888889,0.13883547008547006,0.053076923076923084,0.14256410256410257,0.03205128205128205,0.4943589743589744,0.2771794871794872
116,2011-09-25,45,0.21994931305855675,-0.24650673400673398,0.04153091573329668,0.05444444444444445,0.16911111111111113,0.050444444444444445,0.4993333333333333,0.22555555555555556
117,2011-10-02,129,0.25309754521963823,-0.24783225269274373,0.02417928460633333,0.06527131782945736,0.25875968992248066,0.034108527131782945,0.40310077519379844,0.2372093023255814
118,2011-10-09,76,0.24346885951350233,-0.2195223922902494,0.07465291938811675,0.08947368421052632,0.22986842105263156,0.0618421052631579,0.40223684210526317,0.20276315789473684
119,2011-10-16,23,0.1742739898989899,-0.3054166666666666,-0.021235452349582795,0.05434782608695652,0.1947826086956522,0.029130434782608697,0.5034782608695653,0.21695652173913044
120,2011-10-23,26,0.2170491209470801,-0.36458333333333337,0.006211548432327631,0.10230769230769231,0.2380769230769231,0.039615384615384615,0.45461538461538464,0.16576923076923078
121,2011-10-30,82,0.23650548855905998,-0.18015873015873013,0.10907031992397845,0.08951219512195122,0.1475609756097561,0.06719512195121952,0.42121951219512194,0.275
122,2011-11-06,60,0.22773403679653675,-0.21300505050505045,0.05587140752765753,0.10149999999999999,0.16466666666666668,0.075,0.441,0.21683333333333332
123,2011-11-13,42,0.22649494949494947,-0.21266889675980583,0.034733903662475085,0.07761904761904763,0.22928571428571431,0.02880952380952381,0.44190476190476186,0.2219047619047619
124,2011-11-20,68,0.26135734189182463,-0.24694113756613756,0.10332163016721839,0.0675,0.24279411764705885,0.026911764705882354,0.41764705882352937,0.24382352941176474
125,2011-11-27,64,0.24068281335522712,-0.22499999999999995,0.0973134083178726,0.04515625,0.16578125,0.0828125,0.46859375,0.23796875
126,2011-12-04,208,0.27522901454574383,-0.2456565656565656,0.12360379410602625,0.09778846153846153,0.16932692307692307,0.033365384615384616,0.4749038461538462,0.21442307692307694
127,2011-12-11,144,0.266024992449411,-0.2364012987012987,0.048755634636711016,0.08590277777777779,0.18958333333333333,0.026319444444444444,0.47854166666666664,0.19902777777777778
128,2011-12-18,85,0.240522308022308,-0.23762746512746508,0.08504260037348271,0.10105882352941176,0.16070588235294117,0.03494117647058824,0.5298823529411765,0.17270588235294118
129,2011-12-25,47,0.2565359477124183,-0.2279292929292929,0.04364237979739498,0.07127659574468086,0.12872340425531914,0.06404255319148937,0.5848936170212766,0.15063829787234043
130,2012-01-01,63,0.24011929409444932,-0.25516534391534385,0.05429361779985361,0.07761904761904763,0.1703174603174603,0.01650793650793651,0.49174603174603176,0.24317460317460318
131,2012-01-08,58,0.23188628768891925,-0.32407407407407407,0.034301929392446626,0.03189655172413793,0.26362068965517244,0.027758620689655174,0.486551724137931,0.1896551724137931
132,2012-01-15,84,0.2379545822658067,-0.32773148148148146,0.027936133688684698,0.06392857142857143,0.16630952380952382,0.02857142857142857,0.4791666666666667,0.26166666666666666
133,2012-01-22,46,0.2611139758933877,-0.1896702999381571,0.044021411430184725,0.07804347826086958,0.2073913043478261,0.10478260869565217,0.4093478260869566,0.1989130434782609
134,2012-01-29,59,0.304243485272897,-0.38430735930735926,0.017769706752757606,0.06542372881355933,0.2649152542372881,0.04338983050847458,0.39796610169491525,0.22779661016949151
135,2012-02-05,25,0.2508606656948493,-0.1651262626262626,0.05539538754895897,0.09040000000000001,0.1464,0.0604,0.4868,0.2152
136,2012-02-12,63,0.25911866682700013,-0.1572548701298701,0.09058413404643563,0.09111111111111111,0.1406349206349206,0.0326984126984127,0.5152380952380953,0.2188888888888889
137,2012-02-19,17,0.22857142857142856,-0.45238095238095233,-0.019026610644257716,0.03529411764705883,0.21294117647058824,0.01411764705882353,0.48235294117647054,0.25470588235294117
138,2012-02-26,72,0.17231398809523807,-0.2996031746031746,0.014201388888888881,0.04861111111111111,0.21055555555555555,0.03791666666666667,0.44166666666666665,0.24708333333333332
139,2012-03-04,31,0.19798504525777252,-0.23838383838383834,0.05785603733184378,0.053548387096774196,0.19193548387096776,0.0032258064516129032,0.5209677419354838,0.23
140,2012-03-11,18,0.2884523809523809,-0.15722222222222218,0.06867364117364115,0.03666666666666667,0.20666666666666667,0.10888888888888888,0.41055555555555556,0.2361111111111111
141,2012-03-18,99,0.2647301809842394,-0.29778711484593834,0.07133007825107392,0.06646464646464646,0.1405050505050505,0.02505050505050505,0.5352525252525253,0.2316161616161616
142,2012-03-25,63,0.2661660944419565,-0.21315104166666662,0.11101421671362147,0.04380952380952381,0.14555555555555555,0.010952380952380951,0.560952380952381,0.23793650793650795
143,2012-04-01,44,0.3032395382395382,-0.21874999999999994,0.10878818624557261,0.07909090909090909,0.1765909090909091,0.05590909090909091,0.45045454545454544,0.23727272727272727
144,2012-04-08,61,0.2939626862649822,-0.2741666666666666,0.11766572550530392,0.05508196721311476,0.24885245901639344,0.034262295081967216,0.41655737704918033,0.24475409836065573
145,2012-04-15,40,0.25038852813852813,-0.23365079365079358,0.075105045995671,0.10250000000000001,0.148,0.0205,0.45375,0.27475
146,2012-04-22,52,0.2069874600037643,-0.26459876543209876,0.053651851620601605,0.10057692307692309,0.16442307692307695,0.04057692307692307,0.43788461538461537,0.23673076923076924
147,2012-04-29,49,0.21432043650793647,-0.31267399267399265,0.03354758478482968,0.04795918367346939,0.16918367346938773,0.06428571428571428,0.45591836734693875,0.2624489795918367
148,2012-05-06,18,0.34047619047619043,-0.3199999999999999,0.05068662818662818,0.05333333333333334,0.27944444444444444,0.035,0.5238888888888888,0.10944444444444444
149,2012-05-13,27,0.28186291486291487,-0.18420138888888887,0.08884587083991845,0.0862962962962963,0.19111111111111112,0.047407407407407405,0.3737037037037037,0.3025925925925926
150,2012-05-20,38,0.2216867201426025,-0.3168069584736251,0.07776925584162425,0.06526315789473684,0.21105263157894735,0.027105263157894736,0.4731578947368421,0.22289473684210528
151,2012-05-27,13,0.3744739057239057,-0.2458333333333333,0.14142385392385393,0.13692307692307693,0.18846153846153849,0.04,0.36230769230769233,0.27
152,2012-06-03,9,,-0.2,0.0067901234567901226,0.05,0.1288888888888889,0.05,0.5711111111111111,0.19999999999999998
153,2012-06-10,23,0.25918388429752065,,0.12561947110860155,0.14173913043478262,0.1856521739130435,0.009565217391304347,0.44521739130434784,0.21739130434782608
154,2012-06-17,64,0.25409752284752285,-0.22954861111111108,0.0756756077194135,0.11,0.13375,0.06703125,0.49203125,0.19640625
155,2012-06-24,25,0.3364624264624264,,0.18573823953823954,0.0608,0.10279999999999999,0.04,0.5956,0.1996
156,2012-07-01,29,0.20865079365079361,-0.115625,0.01963682390406527,0.08241379310344828,0.17482758620689656,0.06241379310344828,0.46586206896551724,0.2144827586206897
157,2012-07-08,234,0.2502293891830722,-0.27238136574074073,0.08309889801556467,0.09098290598290598,0.19940170940170943,0.03307692307692308,0.4568803418803419,0.21893162393162394
158,2012-07-15,22,0.21628354978354974,-0.18667929292929294,0.001581562377016916,0.09045454545454545,0.2740909090909091,0.03681818181818182,0.36772727272727274,0.23045454545454547
159,2012-07-22,25,0.22558302808302805,-0.25,0.1096253968253968,0.0684,0.26039999999999996,0.011600000000000001,0.4028,0.256
160,2012-07-29,82,0.2869568452380952,-0.24247205687830684,0.024308160101931875,0.07451219512195123,0.21719512195121948,0.04439024390243903,0.4480487804878049,0.2147560975609756
161,2012-08-05,95,0.18757008864151717,-0.2654124579124579,0.014224144641907797,0.08263157894736843,0.16915789473684212,0.03452631578947369,0.48957894736842106,0.22284210526315792
162,2012-08-12,17,0.21914682539682534,,0.07411770768913624,0.12294117647058822,0.25529411764705884,0.036470588235294116,0.3241176470588235,0.26352941176470585
163,2012-08-19,23,0.29607142857142854,-0.2722222222222222,0.0292603833364703,0.07043478260869565,0.2034782608695652,0.004782608695652174,0.3747826086956522,0.30347826086956525
164,2012-08-26,50,0.2205612244897959,-0.20855158730158727,0.04175544733044733,0.0616,0.218,0.0408,0.4868,0.19260000000000002
165,2012-09-02,40,0.30039790764790764,-0.22777777777777775,0.13910272366522364,0.0985,0.219,0.0415,0.34325,0.2965
166,2012-09-09,44,0.23885055916305914,-0.28673469387755096,0.052254566771612214,0.17704545454545453,0.2440909090909091,0.01863636363636364,0.4020454545454546,0.1575
167,2012-09-16,7,0.19285714285714278,-0.2833333333333333,-0.026360544217687066,0.08142857142857143,0.2714285714285714,0.0,0.3114285714285714,0.3357142857142857
168,2012-09-23,11,0.17986394557823124,,0.12354978354978353,0.08454545454545455,0.14181818181818182,0.05454545454545454,0.33272727272727276,0.3836363636363636
169,2012-09-30,25,0.20759259259259258,-0.1738095238095238,0.09657868480725622,0.0308,0.256,0.0328,0.41480000000000006,0.2636
170,2012-10-07,33,0.3411084656084656,-0.16749999999999995,0.1534018759018759,0.08878787878787879,0.2384848484848485,0.015454545454545455,0.3845454545454545,0.24212121212121213
171,2012-10-14,53,0.27937671356421356,-0.14337499999999997,0.10543645688692857,0.06792452830188679,0.1920754716981132,0.049999999999999996,0.4709433962264151,0.18056603773584906
172,2012-10-21,102,0.26987280312280315,-0.22771464646464645,0.08907509177913589,0.04852941176470588,0.20186274509803923,0.029215686274509805,0.5065686274509804,0.20274509803921567
173,2012-10-28,34,0.3045931251288394,-0.1197916666666666,0.13037462333418215,0.035,0.2211764705882353,0.03852941176470588,0.48352941176470593,0.22235294117647061
174,2012-11-04,454,0.24029032906117773,-0.2586566408128908,0.07544555027824772,0.08914096916299559,0.23475770925110132,0.043480176211453746,0.37964757709251107,0.2458149779735683
175,2012-11-11,89,0.30966730800064135,-0.4172695360195359,0.04003842599348217,0.07348314606741572,0.18898876404494383,0.05876404494382023,0.4137078651685393,0.26348314606741574
176,2012-11-18,201,0.28404191468253964,-0.21252990568207955,0.09627273086228309,0.0954726368159204,0.1882089552238806,0.044477611940298506,0.4412935323383085,0.22955223880597014
177,2012-11-25,95,0.2142291415768859,-0.2326199494949495,0.05029911277110524,0.08389473684210527,0.1611578947368421,0.02578947368421053,0.43726315789473685,0.2805263157894737
178,2012-12-02,35,0.27474627224627224,-0.28333333333333327,0.09779045557616985,0.06942857142857144,0.18685714285714286,0.04228571428571429,0.4482857142857143,0.25285714285714284
179,2012-12-09,126,0.2662874173629987,-0.282804279054279,0.04788066470251844,0.08349206349206349,0.16595238095238096,0.049841269841269846,0.49134920634920637,0.19253968253968254
180,2012-12-16,82,0.2516849446849447,-0.25234375,0.1267365180551156,0.05109756097560976,0.2279268292682927,0.015365853658536585,0.4795121951219512,0.2251219512195122
181,2012-12-23,59,0.26273762282690855,-0.43557098765432095,0.13931726174462253,0.03830508474576272,0.29610169491525423,0.03203389830508475,0.3583050847457627,0.27203389830508473
182,2012-12-30,89,0.24601622574955906,-0.28295394420394415,0.09880522317881868,0.06685393258426967,0.2585393258426966,0.01561797752808989,0.4270786516853932,0.23089887640449439
183,2013-01-06,58,0.23386840342197485,-0.4375,0.11147308988903815,0.1563793103448276,0.10879310344827588,0.035,0.48327586206896556,0.21620689655172415
184,2013-01-13,104,0.2530657890861972,-0.23323173701298697,0.04881212909114695,0.09769230769230769,0.1628846153846154,0.024711538461538465,0.47836538461538464,0.23576923076923076
185,2013-01-20,106,0.24917174777107812,-0.31212868480725625,0.08907820260751527,0.06037735849056604,0.20169811320754716,0.040566037735849055,0.44443396226415094,0.25235849056603776
186,2013-01-27,570,0.2615165349714023,-0.1945585727403909,0.08880946030148724,0.08994736842105264,0.18157894736842106,0.03710526315789474,0.4531052631578947,0.23542105263157895
187,2013-02-03,190,0.25020949347369803,-0.3815200617283951,0.08467332068516278,0.08852631578947369,0.18373684210526317,0.03978947368421053,0.451578947368421,0.23042105263157894
188,2013-02-10,127,0.2608053268655947,-0.2615526611140646,0.08141476239081225,0.08157480314960631,0.24338582677165355,0.021968503937007874,0.47007874015748036,0.18251968503937008
189,2013-02-17,306,0.2490464315277438,-0.29109002976190473,0.08756301468398807,0.09359477124183006,0.18228758169934642,0.05281045751633987,0.43405228758169934,0.21274509803921568
190,2013-02-24,146,0.258500389739229,-0.29561679404271995,0.053162419613618235,0.10369863013698631,0.22383561643835617,0.03452054794520548,0.43643835616438353,0.20082191780821917
191,2013-03-03,60,0.22306879889116726,-0.23660714285714282,0.014485981555922036,0.10533333333333333,0.20316666666666666,0.04533333333333334,0.42,0.22416666666666668
192,2013-03-10,151,0.22333765540015538,-0.29262217765894233,0.06815814287284248,0.05357615894039735,0.24066225165562916,0.053178807947019874,0.444569536423841,0.20688741721854306
193,2013-03-17,84,0.2342678155178155,-0.22784090909090907,0.05177249904290719,0.06488095238095239,0.12761904761904763,0.03476190476190476,0.5083333333333334,0.26357142857142857
194,2013-03-24,49,0.24600178371011705,-0.22407500327954868,0.0428307859940513,0.08040816326530612,0.20489795918367348,0.043061224489795914,0.4338775510204082,0.23734693877551022
195,2013-03-31,74,0.27948419140383424,-0.19635416666666666,0.11142103467103466,0.09959459459459459,0.15932432432432433,0.047432432432432434,0.3918918918918919,0.3005405405405406
196,2013-04-07,88,0.24812706143063284,-0.22459595959595957,0.04019993973829201,0.07477272727272727,0.19113636363636363,0.030795454545454546,0.4932954545454546,0.20875000000000002
197,2013-04-14,91,0.2799861712361712,-0.2567878787878788,0.10698336055478913,0.061868131868131865,0.1908791208791209,0.036813186813186814,0.4679120879120879,0.2414285714285714
198,2013-04-21,12,0.28750000000000003,-0.25,0.17413548752834465,0.0,0.3408333333333333,0.016666666666666666,0.38000000000000006,0.26
199,2013-04-28,35,0.25874759499759503,-0.42333333333333334,0.07104978354978356,0.08571428571428572,0.2217142857142857,0.017428571428571432,0.4042857142857143,0.26857142857142857
200,2013-05-05,87,0.25813311688311685,-0.2853363095238095,0.0024968071519795637,0.06954022988505748,0.19735632183908047,0.02057471264367816,0.49609195402298845,0.2160919540229885
201,2013-05-12,31,0.29071180555555554,-0.125,0.14161066308243725,0.06838709677419355,0.27129032258064517,0.02064516129032258,0.46741935483870967,0.1696774193548387
202,2013-05-19,27,0.2977106227106227,-0.27261363636363634,0.08989628427128427,0.05703703703703704,0.16555555555555557,0.039259259259259265,0.45037037037037037,0.2862962962962963
203,2013-05-26,74,0.32046491702741703,-0.2603121091871092,0.05586781180531182,0.08148648648648649,0.21513513513513513,0.02972972972972973,0.45932432432432435,0.2004054054054054
204,2013-06-02,95,0.2454925691867656,-0.20344333400974024,0.049562216553287984,0.06968421052631579,0.26631578947368423,0.04610526315789473,0.39221052631578945,0.22347368421052632
205,2013-06-09,35,0.21086528550814262,-0.18284202569916852,0.07726917866713785,0.04771428571428571,0.11,0.033428571428571426,0.628,0.15114285714285713
206,2013-06-16,29,0.2230497835497835,-0.22187693259121824,0.029852376687352054,0.11758620689655173,0.25931034482758625,0.016551724137931035,0.28517241379310343,0.28586206896551725
207,2013-06-23,141,0.24637969133231521,-0.31195378151260506,0.05716892382355907,0.07815602836879432,0.18609929078014187,0.055744680851063835,0.42397163120567377,0.24127659574468088
208,2013-06-30,391,0.23361210453080752,-0.25612198038586925,0.06789581210174012,0.09820971867007672,0.19721227621483375,0.05046035805626599,0.42079283887468033,0.22713554987212276
209,2013-07-07,30,0.2615127465127465,-0.24128086419753084,0.07429457271123936,0.07366666666666667,0.16033333333333336,0.021666666666666667,0.444,0.2996666666666667
210,2013-07-14,18,0.19623106060606058,-0.37812499999999993,0.05758627946127945,0.055,0.2833333333333333,0.04,0.39888888888888885,0.22388888888888892
211,2013-07-21,9,0.2317460317460317,-0.125,0.057943121693121685,0.06555555555555556,0.15777777777777777,0.06444444444444446,0.47777777777777775,0.23555555555555557
212,2013-07-28,30,0.26643725322296746,-0.32499999999999996,0.09123987322201606,0.10800000000000001,0.093,0.017666666666666667,0.5686666666666667,0.21033333333333334
213,2013-08-04,72,0.2698611895351025,-0.2154974489795918,0.046328738776655436,0.06277777777777778,0.14222222222222222,0.06055555555555556,0.47125,0.24833333333333332
214,2013-08-11,96,0.3142370797926353,-0.2325557040998217,0.04405509441781763,0.08302083333333334,0.2713541666666667,0.04645833333333333,0.4188541666666667,0.18010416666666665
215,2013-08-18,222,0.24284320352899377,-0.2514083694083694,0.08171432622325478,0.0636936936936937,0.21054054054054056,0.04536036036036036,0.4725225225225225,0.20252252252252254
216,2013-08-25,135,0.2573779732172589,-0.3207129629629629,0.10616818951673448,0.048888888888888885,0.1808888888888889,0.02474074074074074,0.4541481481481482,0.2612592592592593
217,2013-09-01,25,0.21920995670995666,-0.3305555555555555,-0.07239448051948051,0.06280000000000001,0.19920000000000002,0.0736,0.384,0.2404
218,2013-09-08,22,0.34476256067165156,-0.1857142857142857,0.15956472189426732,0.10954545454545456,0.23272727272727273,0.035454545454545454,0.5368181818181819,0.08409090909090909
219,2013-09-15,18,0.22280032467532465,-0.18333333333333324,0.07884840468173802,0.11722222222222221,0.11166666666666665,0.07166666666666667,0.5105555555555555,0.18777777777777777
220,2013-09-22,56,0.27074443413729127,-0.34557823129251697,0.035305846364519826,0.07625000000000001,0.19642857142857142,0.07678571428571428,0.43928571428571433,0.2105357142857143
221,2013-09-29,235,0.2507499048570477,-0.20460205167925755,0.07907598630683735,0.061276595744680855,0.2012340425531915,0.03417021276595745,0.45770212765957446,0.24102127659574468
222,2013-10-06,50,0.24986780002404999,-0.26041666666666663,0.0857936507936508,0.1114,0.2006,0.058600000000000006,0.4052,0.2032
223,2013-10-13,49,0.3005690836940837,-0.2705323322510822,0.06280365609447242,0.04612244897959184,0.21306122448979595,0.03306122448979592,0.46244897959183673,0.24510204081632653
224,2013-10-20,45,0.2129756493506493,-0.45499444444444437,-0.05530707749041081,0.048666666666666664,0.22999999999999998,0.022,0.4457777777777778,0.23022222222222222
225,2013-10-27,54,0.2125092028153252,-0.17722800925925922,0.04862556259877687,0.04722222222222223,0.175,0.12425925925925926,0.4368518518518518,0.21703703703703706
226,2013-11-03,99,0.22774309196669443,-0.2771412037037037,0.07475287429021195,0.09484848484848485,0.2001010101010101,0.055757575757575756,0.4213131313131313,0.2174747474747475
227,2013-11-10,79,0.251732831562377,-0.29708829365079364,0.07103410917493196,0.04050632911392405,0.27063291139240503,0.054050632911392414,0.3949367088607595,0.2392405063291139
228,2013-11-17,174,0.26098037948784214,-0.26390662578162577,0.0642134820229032,0.08385057471264368,0.23132183908045978,0.04735632183908046,0.38936781609195403,0.23614942528735633
229,2013-11-24,47,0.2697126729479671,-0.2833333333333333,0.09176153633600441,0.04042553191489361,0.1523404255319149,0.04404255319148936,0.45574468085106384,0.28489361702127664
230,2013-12-01,19,0.31247835497835497,-0.24338541666666663,0.14874729437229436,0.06947368421052631,0.1768421052631579,0.02631578947368421,0.44157894736842107,0.2847368421052632
231,2013-12-08,36,0.19600168350168345,-0.19166666666666665,0.025225368767035423,0.07777777777777778,0.15805555555555556,0.034444444444444444,0.49,0.23833333333333334
232,2013-12-15,66,0.23096146651702204,-0.18305555555555553,0.08249926210153481,0.07166666666666667,0.21227272727272728,0.0393939393939394,0.458030303030303,0.21712121212121213
233,2013-12-22,56,0.33934947369099155,-0.1833333333333333,0.17119790861420325,0.07642857142857143,0.1494642857142857,0.0069642857142857145,0.4975,0.26964285714285713
234,2013-12-29,51,0.2223175204425204,-0.31737213403880066,0.021577575474634295,0.07686274509803921,0.17098039215686275,0.04196078431372549,0.44254901960784315,0.26666666666666666
235,2014-01-05,229,0.23643695590124159,-0.21513962678735402,0.029894346729031695,0.09379912663755459,0.16358078602620088,0.02196506550218341,0.4926637554585153,0.22275109170305676
236,2014-01-12,279,0.24291945220742683,-0.2594502195000383,0.006671849643879858,0.09025089605734767,0.17401433691756274,0.04114695340501792,0.44544802867383515,0.24770609318996414
237,2014-01-19,77,0.22130389610389606,-0.2141025641025641,0.03728900788965724,0.07259740259740259,0.1803896103896104,0.051688311688311686,0.4163636363636364,0.25181818181818183
238,2014-01-26,116,0.24302964085563752,-0.20429181929181925,0.07075435643823881,0.07672413793103448,0.1675,0.047844827586206895,0.45439655172413795,0.25224137931034485
239,2014-02-02,233,0.28747265078280115,-0.3341522059064672,0.06480986236165828,0.0709871244635193,0.18635193133047212,0.04875536480686696,0.4489699570815451,0.24377682403433476
240,2014-02-09,121,0.29283320658320655,-0.2908443228582117,0.05502882027675415,0.06743801652892562,0.16132231404958677,0.04074380165289257,0.49793388429752067,0.2312396694214876
241,2014-02-16,177,0.2716367902379807,-0.25394240019240016,0.05741319389851471,0.08062146892655368,0.21717514124293785,0.01926553672316384,0.4245762711864407,0.23994350282485874
242,2014-02-23,591,0.25947448776979226,-0.24746425899203672,0.06537577963799615,0.07272419627749578,0.22235194585448392,0.03126903553299493,0.43847715736040604,0.2324027072758037
243,2014-03-02,180,0.2102040463341833,-0.24111492673992674,0.055792279608251824,0.06966666666666667,0.1736111111111111,0.04961111111111111,0.4867222222222222,0.21894444444444447
244,2014-03-09,85,0.31272961196789323,-0.22905235389610387,0.08409500113176582,0.08011764705882353,0.17211764705882354,0.04494117647058824,0.4738823529411765,0.22799999999999998
245,2014-03-16,291,0.25845224334657324,-0.2291352513227513,0.06144928309499369,0.06862542955326462,0.22604810996563574,0.04237113402061856,0.36467353951890036,0.28378006872852235
246,2014-03-23,17,0.22343749999999996,-0.5,0.08301905610729138,0.03823529411764706,0.14294117647058824,0.06823529411764706,0.3941176470588235,0.35647058823529415
247,2014-03-30,44,0.21016741071428569,-0.52,0.030424660566706008,0.03090909090909091,0.2409090909090909,0.02727272727272727,0.4129545454545455,0.24181818181818182
248,2014-04-06,202,0.2626901081233091,-0.20372060600334407,0.06735113594267589,0.07787128712871287,0.2204950495049505,0.05742574257425742,0.4067821782178218,0.23643564356435642
249,2014-04-13,135,0.28029496978715723,-0.2953988779419814,0.04476314734648067,0.06933333333333333,0.2285925925925926,0.074,0.36377777777777776,0.2564444444444444
250,2014-04-20,95,0.26187127721902154,-0.2972231771496477,0.06137326541461879,0.05873684210526316,0.21926315789473685,0.06505263157894736,0.42810526315789477,0.22768421052631577
251,2014-04-27,198,0.2909892955919741,-0.29963541666666665,0.10399397923004523,0.07535353535353535,0.20065656565656567,0.04595959595959596,0.4126262626262626,0.2545959595959596
252,2014-05-04,73,0.2940534297052154,-0.396440329218107,0.11396914819615406,0.09232876712328768,0.1917808219178082,0.036986301369863014,0.41904109589041094,0.25917808219178085
253,2014-05-11,575,0.2564539728874591,-0.2518525123806814,0.06867968676136377,0.08800000000000001,0.1960521739130435,0.04594782608695652,0.41624347826086955,0.24975652173913046
254,2014-05-18,384,0.24730680724998907,-0.2536971668512366,0.06528781819309162,0.08359375000000001,0.24161458333333333,0.037395833333333336,0.3771875,0.24083333333333334
255,2014-05-25,237,0.24816086180185015,-0.2419479717813051,0.05951617284385517,0.09126582278481012,0.18215189873417723,0.03940928270042194,0.42413502109704637,0.2625316455696203
256,2014-06-01,163,0.2494647954702302,-0.19590934858792,0.08991896949335598,0.08312883435582823,0.17423312883435582,0.03392638036809816,0.43441717791411044,0.255521472392638
257,2014-06-08,281,0.23527293047734774,-0.2705771072796935,0.07720228558370397,0.08569395017793595,0.18583629893238435,0.048398576512455514,0.4539857651245552,0.2217437722419929
258,2014-06-15,71,0.25017376142376135,-0.2740151515151515,0.0387641505599252,0.04647887323943662,0.17267605633802816,0.049577464788732394,0.48746478873239435,0.2423943661971831
259,2014-06-22,119,0.24256724386724382,-0.31309523809523804,0.07236769774509869,0.07235294117647058,0.17848739495798321,0.047310924369747896,0.42487394957983193,0.27588235294117647
260,2014-06-29,171,0.2733203143182981,-0.255168339236521,0.07342820563011665,0.056315789473684215,0.20187134502923978,0.03356725146198831,0.4450877192982456,0.2509356725146199
261,2014-07-06,74,0.2564627263417586,-0.28079195977633475,0.05082743457743456,0.08081081081081082,0.16013513513513514,0.025405405405405403,0.43864864864864866,0.2939189189189189
262,2014-07-13,66,0.23172821969696966,-0.27916132478632477,0.028781101053828313,0.056363636363636366,0.17954545454545454,0.04060606060606061,0.47015151515151515,0.23742424242424243
263,2014-07-20,40,0.24259139009139005,-0.2622222222222222,0.05245581935425685,0.10775000000000001,0.20375000000000001,0.01825,0.368,0.3025
264,2014-07-27,51,0.2766307813108408,-0.18923611111111108,0.07282902176021924,0.05,0.24196078431372547,0.03294117647058824,0.41843137254901963,0.23647058823529413
265,2014-08-03,42,0.23155415764790763,-0.28344671201814053,0.0440970289631004,0.07452380952380952,0.20095238095238094,0.05071428571428571,0.3740476190476191,0.27404761904761904
266,2014-08-10,57,0.2800944224857268,-0.2399131944444444,0.06613995531758689,0.10929824561403509,0.30333333333333334,0.03614035087719299,0.37140350877192985,0.17912280701754388
267,2014-08-17,18,0.37103174603174605,-0.1804722222222222,0.09996703142536477,0.0938888888888889,0.20944444444444443,0.08611111111111111,0.37222222222222223,0.23833333333333334
268,2014-08-24,10,0.12539682539682537,,0.01523214285714287,0.017,0.04,0.017,0.546,0.381
269,2014-08-31,140,0.27068604395255336,-0.2381915509259259,0.08628481026248883,0.05821428571428572,0.166,0.037785714285714284,0.47714285714285715,0.25235714285714284
270,2014-09-07,78,0.31384693495804605,-0.28122874149659866,0.06342365967365966,0.06987179487179487,0.16820512820512823,0.041025641025641026,0.47448717948717944,0.2061538461538462
271,2014-09-14,13,0.13113839285714282,-0.25,0.040470987345987336,0.06846153846153846,0.18846153846153849,0.060000000000000005,0.49153846153846154,0.19076923076923077
272,2014-09-21,175,0.27883121336825034,-0.3087258702182171,0.09785634331654738,0.10331428571428572,0.15965714285714286,0.0392,0.44948571428571427,0.2425142857142857
273,2014-09-28,381,0.2503824460244774,-0.27666796166796165,0.09543508765949708,0.08015748031496063,0.18711286089238846,0.05107611548556431,0.46223097112860895,0.2161417322834646
274,2014-10-05,51,0.3091200466200466,-0.1820811287477954,0.06211456299691592,0.047058823529411764,0.14352941176470588,0.07411764705882354,0.48843137254901964,0.22705882352941176
275,2014-10-12,54,0.28097132034632033,-0.2796875,0.142243917348084,0.08888888888888889,0.21407407407407408,0.032962962962962965,0.4311111111111111,0.23314814814814813
276,2014-10-19,154,0.2997503118987494,-0.294063492063492,0.1148992739313356,0.12058441558441559,0.16857142857142857,0.03616883116883117,0.4441558441558442,0.22389610389610393
277,2014-10-26,35,0.24463672438672435,,0.10416944959802102,0.05,0.19571428571428573,0.03457142857142857,0.4308571428571429,0.2585714285714286
278,2014-11-02,116,0.29728031039255526,-0.22620426737614233,0.10585791204325687,0.13482758620689655,0.20353448275862068,0.03698275862068966,0.41017241379310343,0.21336206896551724
279,2014-11-09,111,0.27939625850340133,-0.26607142857142857,0.11131439881439881,0.08513513513513513,0.1790990990990991,0.03423423423423424,0.47855855855855856,0.2135135135135135
280,2014-11-16,512,0.26286850649350646,-0.3076812974376533,0.08212051847762644,0.09556640625,0.18964843750000002,0.03546875,0.42078125,0.25013671875
281,2014-11-23,186,0.2713605585331776,-0.26271333021333015,0.029501399916434478,0.05935483870967742,0.20575268817204304,0.028978494623655912,0.4547849462365592,0.2346236559139785
282,2014-11-30,29,0.2210504599567099,-0.3194444444444444,0.027763036771657458,0.1096551724137931,0.1996551724137931,0.030689655172413795,0.416551724137931,0.2413793103448276
283,2014-12-07,38,0.280026455026455,-0.41917517006802724,0.04049731335915546,0.06421052631578947,0.1986842105263158,0.05447368421052632,0.3986842105263158,0.2578947368421053
284,2014-12-14,50,0.25898305293191654,-0.14,0.1217837121212121,0.0998,0.1838,0.055999999999999994,0.4576,0.2008
285,2014-12-21,112,0.2786733752358752,-0.26617063492063486,0.11054351597240628,0.09428571428571429,0.2063392857142857,0.027410714285714288,0.43508928571428573,0.236875
286,2014-12-28,29,0.24301838042909468,-0.30625,0.06738689676497557,0.10758620689655173,0.1724137931034483,0.02310344827586207,0.49931034482758624,0.19620689655172416
287,2015-01-04,87,0.2391688606178402,-0.2943548118548118,0.06439428296571154,0.08379310344827587,0.19321839080459768,0.03689655172413793,0.43034482758620685,0.24379310344827587
288,2015-01-11,47,0.3176760161135161,-0.19419191919191917,0.09041971129737088,0.1,0.1753191489361702,0.017872340425531916,0.4525531914893617,0.2323404255319149
289,2015-01-18,106,0.3325243711465302,-0.22101190476190477,0.11906921423515089,0.08584905660377358,0.195,0.03584905660377359,0.47877358490566035,0.2042452830188679
290,2015-01-25,243,0.2831586182017216,-0.27652777777777776,0.12262735749618464,0.07526748971193416,0.21411522633744856,0.056707818930041155,0.4033744855967078,0.24115226337448561
291,2015-02-01,144,0.26449069113016155,-0.2775021043771044,0.07896475383082525,0.09944444444444445,0.2638888888888889,0.03875,0.4202083333333333,0.17631944444444445
292,2015-02-08,72,0.25058333333333327,-0.2715206916099773,0.05890518707482992,0.07319444444444445,0.21902777777777777,0.022916666666666665,0.43041666666666667,0.25375
293,2015-02-15,221,0.30670502827699797,-0.28689889613252706,0.09319649887927199,0.06438914027149321,0.1601809954751131,0.04334841628959276,0.4815384615384615,0.2495927601809955
294,2015-02-22,83,0.24725439383964726,-0.2342206439393939,0.039025200679030286,0.08951807228915662,0.1746987951807229,0.028072289156626507,0.4816867469879518,0.2250602409638554
295,2015-03-01,110,0.2535905934343434,-0.2798003968253968,0.014924529384756653,0.06881818181818182,0.18963636363636363,0.030909090909090907,0.4566363636363637,0.24472727272727274
296,2015-03-08,51,0.2347034832451499,-0.21285858585858583,0.01853100331041508,0.06235294117647059,0.23137254901960785,0.029019607843137254,0.43529411764705883,0.24137254901960786
297,2015-03-15,100,0.23403239989177488,-0.27926020408163266,0.08291214826839825,0.0653,0.239,0.07,0.3836,0.2409
298,2015-03-22,127,0.25005236664857655,-0.27874267762660615,0.07625877311872811,0.0874015748031496,0.17070866141732283,0.038503937007874016,0.4080314960629921,0.262992125984252
299,2015-03-29,137,0.2784800738477209,-0.2536259085564641,0.0575918399321684,0.06861313868613139,0.17788321167883211,0.026423357664233576,0.44532846715328467,0.28218978102189785
300,2015-04-05,40,0.28550485008818344,-0.24553571428571427,0.03944205447330446,0.04875,0.185,0.0615,0.42225,0.25675
301,2015-04-12,125,0.2706114166445799,-0.2179253472222222,0.07949059506630934,0.07952,0.21712,0.06248,0.44728,0.18472
302,2015-04-19,78,0.2681335241819112,-0.21465277777777772,0.09510144947644947,0.10987179487179488,0.17487179487179488,0.03487179487179488,0.4573076923076923,0.21012820512820513
303,2015-04-26,197,0.29291795644618224,-0.22175992883379247,0.11587732381831366,0.10878172588832487,0.1968527918781726,0.05071065989847716,0.38192893401015227,0.25060913705583754
304,2015-05-03,29,0.43287037037037035,-0.2041666666666666,0.10187854530526944,0.06310344827586208,0.17275862068965517,0.04724137931034483,0.4827586206896552,0.19931034482758622
305,2015-05-10,113,0.25038615473245573,-0.2830128205128205,0.09626386676955576,0.08070796460176992,0.22,0.042566371681415936,0.43097345132743364,0.21699115044247788
306,2015-05-17,24,0.3409023268398268,-0.6177083333333333,0.07021667568542568,0.051666666666666666,0.22208333333333333,0.08125,0.42291666666666666,0.22125000000000003
307,2015-05-24,248,0.2785646578725635,-0.2688858796296296,0.08626799559327641,0.0855241935483871,0.2084274193548387,0.03923387096774194,0.4208064516129032,0.23318548387096774
308,2015-05-31,221,0.23500885625511198,-0.24133748196248192,0.05777087798989059,0.10656108597285069,0.1984162895927602,0.05072398190045249,0.42000000000000004,0.21981900452488687
309,2015-06-07,110,0.3212240537240537,-0.317452482982786,0.020309542940224756,0.10727272727272728,0.16072727272727272,0.04818181818181818,0.4940909090909091,0.17972727272727274
310,2015-06-14,97,0.25827765323301033,-0.1933333333333333,0.11002461718312231,0.09391752577319587,0.1758762886597938,0.030309278350515462,0.47680412371134023,0.22257731958762886
311,2015-06-21,226,0.2353067917854503,-0.23398862575333162,0.05421851951426855,0.09597345132743364,0.1731858407079646,0.038451327433628314,0.4363274336283186,0.25504424778761065
312,2015-06-28,79,0.2900783049796207,-0.25083333333333335,0.13039412520538196,0.0888607594936709,0.1910126582278481,0.029873417721518986,0.4382278481012658,0.23860759493670888
313,2015-07-05,46,0.2488627344877345,-0.185515873015873,0.1384690852625635,0.10478260869565217,0.21456521739130432,0.01673913043478261,0.4010869565217391,0.2634782608695652
314,2015-07-12,33,0.33654761904761904,-0.25977678571428564,0.11976250601250603,0.07272727272727272,0.2924242424242424,0.02666666666666667,0.4293939393939394,0.1784848484848485
315,2015-07-19,49,0.22788521176679066,-0.20797258297258292,0.04805472777411553,0.10612244897959185,0.22877551020408166,0.057346938775510205,0.40755102040816327,0.1995918367346939
316,2015-07-26,111,0.25471336031118635,-0.28624999999999995,0.06817464379964379,0.11054054054054054,0.1863963963963964,0.05747747747747747,0.38558558558558564,0.25027027027027027
317,2015-08-02,117,0.24936615991450894,-0.24180622009569375,0.08019887795185413,0.10273504273504273,0.2265811965811966,0.06692307692307692,0.3777777777777778,0.22512820512820514
318,2015-08-09,293,0.25654132809358215,-0.2939230907980908,0.0888559802897321,0.08617747440273038,0.18180887372013652,0.09259385665529012,0.39754266211604095,0.22696245733788395
319,2015-08-16,43,0.2924212423064464,-0.4738095238095238,0.030724215338002705,0.08813953488372094,0.17093023255813955,0.0586046511627907,0.472093023255814,0.20837209302325582
320,2015-08-23,119,0.23489238160829065,-0.23866017316017313,0.04668844507499969,0.0634453781512605,0.18176470588235294,0.04445378151260504,0.452436974789916,0.23991596638655463
321,2015-08-30,81,0.2341934002316655,-0.23500631313131312,0.07358399333046597,0.09123456790123456,0.22049382716049382,0.03790123456790124,0.4154320987654321,0.2334567901234568
322,2015-09-06,382,0.27187876486596163,-0.25883133417508414,0.09904465148016475,0.08138743455497383,0.20348167539267017,0.04418848167539267,0.45178010471204194,0.21596858638743455
323,2015-09-13,33,0.2185252525252525,-0.24687499999999996,0.022374447942629765,0.056363636363636366,0.1478787878787879,0.005454545454545454,0.5099999999999999,0.2803030303030303
324,2015-09-20,217,0.2663702889650923,-0.21419469555498966,0.08283357902947269,0.092073732718894,0.19682027649769585,0.0471889400921659,0.41986175115207375,0.2432258064516129
325,2015-09-27,856,0.26022304858299167,-0.2300599454238087,0.09887424618406551,0.0968341121495327,0.19040887850467292,0.026985981308411216,0.42299065420560744,0.25639018691588783
326,2015-10-04,147,0.22051872895622893,-0.20833333333333331,0.1016839863651088,0.11265306122448981,0.20510204081632655,0.05122448979591837,0.4499319727891157,0.18020408163265308
327,2015-10-11,83,0.2485702083863848,-0.29827441077441075,0.06660751954426652,0.08228915662650603,0.1857831325301205,0.05072289156626506,0.42373493975903614,0.25734939759036146
328,2015-10-18,270,0.26245129978398285,-0.3009237646737647,0.08285335555097459,0.08703703703703704,0.1678888888888889,0.04122222222222222,0.438,0.25392592592592594
329,2015-10-25,144,0.269809657009657,-0.2936273674242424,0.08992000611271443,0.08604166666666667,0.19833333333333336,0.043333333333333335,0.4050694444444444,0.2595138888888889
330,2015-11-01,107,0.24224133340204765,-0.27726053047481614,0.068134889328147,0.10327102803738318,0.18000000000000002,0.031028037383177574,0.4221495327102804,0.2438317757009346
331,2015-11-08,141,0.2722191300762729,-0.2458796296296296,0.092374601785696,0.07964539007092199,0.21836879432624112,0.03269503546099291,0.45326241134751777,0.2017021276595745
332,2015-11-15,129,0.29431702469438314,-0.2639446119356833,0.0989473420328902,0.08697674418604652,0.13294573643410854,0.0417829457364341,0.46767441860465114,0.2614728682170543
333,2015-11-22,58,0.2845033800740322,-0.2278439153439153,0.07622000485147037,0.07413793103448277,0.14189655172413793,0.029655172413793108,0.5356896551724138,0.2006896551724138
334,2015-11-29,192,0.2821213379643612,-0.24365906084656083,0.09878347274831649,0.0878125,0.17526041666666667,0.024427083333333335,0.4892708333333333,0.21760416666666668
335,2015-12-06,715,0.2680081348945078,-0.2553919082618062,0.07214836067427226,0.08633566433566434,0.1954125874125874,0.0345034965034965,0.4489510489510489,0.22160839160839163
336,2015-12-13,303,0.26165870035761335,-0.28656926406926403,0.0757835728017246,0.0836963696369637,0.18838283828382837,0.04521452145214522,0.4547524752475247,0.22382838283828385
337,2015-12-20,222,0.2477846629560915,-0.2809131545338442,0.08462842086056371,0.07594594594594595,0.17855855855855857,0.02972972972972973,0.411981981981982,0.29414414414414414
338,2015-12-27,51,0.26750070581592317,-0.2521904761904762,0.08112235803412274,0.08803921568627451,0.21882352941176472,0.05058823529411765,0.387843137254902,0.25333333333333335
339,2016-01-03,106,0.2782724316578483,-0.27232332884506794,0.04488379264491124,0.09056603773584905,0.19556603773584907,0.058773584905660384,0.4065094339622642,0.24745283018867925
340,2016-01-10,45,0.2911875,-0.24489087301587298,0.10804673721340387,0.09844444444444443,0.20422222222222222,0.029555555555555557,0.3895555555555556,0.27666666666666667
341,2016-01-17,49,0.29864395442520436,-0.31697916666666665,0.10160995891863238,0.1430612244897959,0.21510204081632656,0.011224489795918368,0.3671428571428571,0.26265306122448984
342,2016-01-24,82,0.32637791675810107,-0.2574652777777778,0.11505363595302617,0.06682926829268293,0.21439024390243905,0.021341463414634148,0.4321951219512195,0.2640243902439024
343,2016-01-31,70,0.29276451537054216,-0.2136111111111111,0.15855771729687543,0.13957142857142857,0.18457142857142858,0.026857142857142857,0.4452857142857143,0.18928571428571428
344,2016-02-07,110,0.31525801131791914,-0.23217171717171717,0.16232147073705513,0.07627272727272728,0.198,0.059909090909090905,0.4377272727272727,0.2278181818181818
345,2016-02-14,66,0.20645660800552101,-0.2169954648526077,0.05863413627618172,0.06333333333333332,0.22515151515151513,0.052272727272727276,0.48333333333333334,0.1453030303030303
346,2016-02-21,54,0.32110552806981374,-0.2722222222222222,0.11476625740514629,0.06851851851851852,0.13685185185185186,0.05555555555555555,0.48370370370370375,0.25407407407407406
347,2016-02-28,38,0.287384253124049,-0.3087962962962963,0.11588167523787823,0.09026315789473685,0.165,0.019736842105263157,0.4928947368421053,0.23157894736842108
348,2016-03-06,44,0.3109434865900383,-0.1999999999999999,0.20825915404040404,0.05840909090909092,0.27204545454545453,0.05477272727272728,0.34045454545454545,0.27295454545454545
349,2016-03-13,132,0.29065401034151034,-0.30775462962962963,0.0936157571384844,0.06098484848484849,0.2268939393939394,0.037954545454545456,0.4666666666666667,0.20712121212121212
350,2016-03-20,69,0.2519715161381828,-0.33013038548752827,0.10695383722557635,0.0973913043478261,0.21782608695652173,0.024057971014492755,0.30681159420289855,0.3528985507246377
351,2016-03-27,44,0.27738002187406946,-0.19083333333333327,0.15187871291767394,0.12863636363636363,0.19772727272727272,0.04727272727272727,0.4240909090909091,0.2025
352,2016-04-03,106,0.2672251195378373,-0.3956006493506493,0.028126924690688157,0.0638679245283019,0.16905660377358492,0.06660377358490567,0.4334905660377359,0.24745283018867925
353,2016-04-10,77,0.34978274607101134,-0.24387878787878786,0.18173700964053466,0.1774025974025974,0.13948051948051948,0.02376623376623377,0.44792207792207794,0.1977922077922078
354,2016-04-17,149,0.3006832054045909,-0.27138047138047133,0.15207869280855857,0.09093959731543624,0.22577181208053693,0.049597315436241615,0.42161073825503353,0.21114093959731545
355,2016-04-24,114,0.2942587782587782,-0.3511383928571429,0.09597037891445785,0.07921052631578947,0.23421052631578948,0.052719298245614034,0.46254385964912287,0.16201754385964912
356,2016-05-01,100,0.2753253853120874,-0.24049719887955182,0.08988507395382396,0.0608,0.2441,0.045200000000000004,0.4121,0.2368
357,2016-05-08,81,0.2194285534726711,-0.20810185185185184,0.07905644681107642,0.06320987654320988,0.208641975308642,0.018518518518518517,0.4318518518518519,0.277037037037037
358,2016-05-15,30,0.2661868686868687,-0.25,0.06869284110950775,0.099,0.211,0.042,0.31033333333333335,0.3373333333333334
359,2016-05-22,63,0.21898287057769814,-0.16279761904761902,0.09424809317666459,0.0446031746031746,0.1538095238095238,0.023015873015873017,0.4165079365079365,0.34555555555555556
360,2016-05-29,173,0.26699880408784515,-0.19895833333333332,0.10882914091367847,0.09890173410404623,0.19965317919075143,0.03976878612716763,0.38184971098265896,0.27271676300578035
361,2016-06-05,93,0.29443051547218213,-0.2825757575757576,0.07086644413929359,0.09655913978494624,0.17817204301075268,0.05311827956989248,0.39193548387096777,0.2678494623655914
362,2016-06-12,37,0.24557124819624818,-0.15,0.16370387270387268,0.1554054054054054,0.15108108108108106,0.027837837837837838,0.4502702702702703,0.2156756756756757
363,2016-06-19,31,0.2873947811447811,-0.18333333333333335,0.15294581762323697,0.11451612903225808,0.12870967741935485,0.11774193548387096,0.42161290322580647,0.21806451612903224
364,2016-06-26,64,0.2833167388167388,-0.29126984126984123,0.11355961963383837,0.07015625,0.20953125,0.0221875,0.46140625,0.23703125
365,2016-07-03,189,0.2817944255870392,-0.26657752472969864,0.1038453742514589,0.07534391534391535,0.19746031746031747,0.02703703703703704,0.46074074074074073,0.22825396825396826
366,2016-07-10,22,0.24979166666666663,-0.22630208333333332,0.012378697691197694,0.03227272727272728,0.24681818181818185,0.054090909090909085,0.49090909090909096,0.17681818181818182
367,2016-07-17,54,0.35305134680134675,-0.403125,0.11730213176740953,0.0687037037037037,0.21944444444444444,0.04111111111111111,0.4414814814814815,0.2111111111111111
368,2016-07-24,48,0.28740407177363697,-0.14166666666666664,0.12428846608087679,0.08979166666666667,0.22020833333333334,0.02854166666666667,0.40520833333333334,0.255625
369,2016-07-31,164,0.2516594774273346,-0.33073688271604934,0.07355247634592146,0.0703048780487805,0.2474390243902439,0.022134146341463413,0.3826219512195122,0.24646341463414634
370,2016-08-07,48,0.37930820105820107,-0.2968707482993197,0.03520192625661375,0.05979166666666667,0.20333333333333334,0.05791666666666667,0.39208333333333334,0.265
371,2016-08-14,25,0.26806443556443554,-0.37916666666666665,0.08845064935064935,0.088,0.18239999999999998,0.058800000000000005,0.33399999999999996,0.3356
372,2016-08-21,27,0.33205627705627705,-0.14791666666666659,0.07974543717599275,0.07814814814814816,0.19777777777777777,0.08481481481481482,0.3903703703703703,0.21
373,2016-08-28,21,0.3856150793650794,-0.15,0.2091479205318491,0.060476190476190475,0.2761904761904762,0.09952380952380951,0.3333333333333333,0.13571428571428573
374,2016-09-04,74,0.2691461038961039,-0.22790704665704664,0.08576837389337388,0.09527027027027027,0.25932432432432434,0.010810810810810811,0.35702702702702704,0.23662162162162165
375,2016-09-11,54,0.2391740456513184,-0.15555555555555553,0.09093582985944097,0.10222222222222223,0.15796296296296294,0.026851851851851852,0.4459259259259259,0.26666666666666666
376,2016-09-18,56,0.3768702651515151,-0.28385416666666663,0.07477965239125953,0.06535714285714286,0.20410714285714285,0.021607142857142856,0.3751785714285715,0.2969642857142857
377,2016-09-25,64,0.2686610343061956,-0.26625,0.10753456721230158,0.085,0.1890625,0.03578125,0.38390625,0.2890625
378,2016-10-02,249,0.2523993132129924,-0.27395313020313017,0.08538181172432462,0.04803212851405623,0.18550200803212852,0.040281124497991976,0.3248995983935743,0.39674698795180724
379,2016-10-09,138,0.3432921142643365,-0.2898457228535353,0.07468016082146517,0.07347826086956522,0.16471014492753625,0.07231884057971015,0.37594202898550727,0.306231884057971
380,2016-10-16,329,0.3081412222037222,-0.3136554928989139,0.11203487107286499,0.11644376899696049,0.21999999999999997,0.04197568389057751,0.3934954407294833,0.2182370820668693
381,2016-10-23,97,0.27462603980986333,-0.2920940170940171,0.06119081710576556,0.06587628865979382,0.1897938144329897,0.05350515463917526,0.4431958762886598,0.2356701030927835
382,2016-10-30,126,0.26717058982683983,-0.25517245370370367,0.04359949886239568,0.10865079365079366,0.2092063492063492,0.026746031746031747,0.42007936507936505,0.21023809523809525
383,2016-11-06,158,0.2767739263866024,-0.30006410256410254,0.10559785239373846,0.08335443037974684,0.24645569620253163,0.028924050632911393,0.41170886075949364,0.22291139240506327
384,2016-11-13,120,0.28211646077499736,-0.19773743386243386,0.0718793214886965,0.10108333333333334,0.19824999999999998,0.0315,0.4035,0.2573333333333333
385,2016-11-20,148,0.280994334286745,-0.2821326358826359,0.0675070139132639,0.09060810810810811,0.16912162162162164,0.0654054054054054,0.42445945945945945,0.24310810810810812
386,2016-11-27,229,0.2769017650064326,-0.2114636496544391,0.10906430328295581,0.05737991266375546,0.21152838427947598,0.060043668122270744,0.31873362445414843,0.35152838427947597
387,2016-12-04,86,0.2710696248196248,-0.19826388888888885,0.07681379129053548,0.056860465116279076,0.1752325581395349,0.040232558139534885,0.43674418604651166,0.27848837209302324
388,2016-12-11,715,0.26577088238601226,-0.23464781746031746,0.08846685384120448,0.08261538461538462,0.17440559440559442,0.053356643356643356,0.37299300699300697,0.3115104895104895
389,2016-12-18,394,0.26896857964566295,-0.30452168746286395,0.09198934886085901,0.08835025380710661,0.1963959390862944,0.046167512690355336,0.3847715736040609,0.2738071065989848
390,2016-12-25,65,0.26874028301447656,-0.18939393939393936,0.12726173826173826,0.05246153846153846,0.21892307692307694,0.049692307692307695,0.43353846153846154,0.2449230769230769
391,2017-01-01,101,0.257454711374572,-0.17354166666666662,0.08246862313782398,0.1005940594059406,0.2235643564356436,0.06277227722772277,0.37485148514851485,0.22712871287128714
392,2017-01-08,152,0.27701934523809524,-0.2299024334251607,0.13334556940466244,0.09381578947368421,0.17190789473684212,0.04421052631578947,0.4265131578947368,0.24190789473684213
393,2017-01-15,240,0.24310655656853813,-0.19398206603067714,0.07055740806949884,0.095875,0.22037500000000002,0.04779166666666667,0.41841666666666666,0.21666666666666667
394,2017-01-22,319,0.279900234593217,-0.28150077160493825,0.07629338051359993,0.08322884012539185,0.18003134796238243,0.03830721003134797,0.42401253918495296,0.2672727272727273
395,2017-01-29,210,0.30652741179915094,-0.24190295815295815,0.09304219490826633,0.08280952380952382,0.19047619047619047,0.034666666666666665,0.4168095238095238,0.26052380952380955
396,2017-02-05,55,0.20493342516069787,-0.16083333333333333,0.08142461957234684,0.08763636363636364,0.2250909090909091,0.05963636363636364,0.364,0.244
397,2017-02-12,131,0.24292009669916642,-0.2595575826290112,0.036061215444053496,0.05312977099236641,0.17580152671755725,0.07923664122137405,0.45770992366412216,0.21793893129770994
398,2017-02-19,105,0.2250398690991548,-0.2430357142857143,0.08900115391033757,0.10523809523809524,0.2099047619047619,0.03933333333333333,0.41238095238095235,0.22304761904761905
399,2017-02-26,91,0.2889211502782931,-0.37789987789987783,0.06164077985506556,0.049999999999999996,0.21714285714285717,0.05318681318681318,0.41483516483516486,0.24186813186813189
400,2017-03-05,101,0.27742822966507175,-0.2170462962962963,0.08217264226422642,0.07574257425742574,0.18861386138613861,0.054455445544554455,0.45653465346534655,0.22405940594059404
401,2017-03-12,117,0.24995513167388164,-0.3187499999999999,0.11819163860830527,0.06649572649572649,0.14273504273504273,0.036923076923076927,0.5155555555555555,0.2364957264957265
402,2017-03-19,173,0.25857747715247714,-0.2491329365079365,0.08683318527971706,0.07797687861271677,0.2,0.03254335260115607,0.4253179190751445,0.24658959537572256
403,2017-03-26,61,0.2809107014017728,-0.1953125,0.12623541791281837,0.07180327868852458,0.20442622950819672,0.04442622950819672,0.3519672131147541,0.31
404,2017-04-02,446,0.28048543699004524,-0.226031065370688,0.07792648243901446,0.057107623318385654,0.18914798206278027,0.04571748878923767,0.44,0.2603139013452915
405,2017-04-09,85,0.2719462481962482,-0.2944200244200244,0.046949903446226966,0.07788235294117647,0.1703529411764706,0.035647058823529414,0.4669411764705882,0.24847058823529414
406,2017-04-16,117,0.2721331512402941,-0.21815705128205123,0.07649453170286503,0.07615384615384616,0.1699145299145299,0.04179487179487179,0.49264957264957265,0.21846153846153846
407,2017-04-23,258,0.26211509798939076,-0.2509512064163227,0.06375268681781693,0.06670542635658915,0.21313953488372095,0.04875968992248062,0.39934108527131784,0.2633720930232558
408,2017-04-30,297,0.24453076035420754,-0.26176846590909086,0.07293403534763562,0.1141750841750842,0.17023569023569024,0.039191919191919194,0.4262962962962963,0.24966329966329967
409,2017-05-07,88,0.25274798854344305,-0.19797619047619047,0.0803990127387043,0.07193181818181818,0.19170454545454546,0.03227272727272727,0.4413636363636364,0.26227272727272727
410,2017-05-14,195,0.26939059874676313,-0.1837187118437118,0.0972685582935583,0.07456410256410256,0.1793846153846154,0.038307692307692306,0.45661538461538465,0.23953846153846153
411,2017-05-21,36,0.3429513888888889,-0.41562499999999997,0.17142919773128107,0.08222222222222222,0.18333333333333335,0.03888888888888889,0.4280555555555556,0.2663888888888889
412,2017-05-28,496,0.26344549416177504,-0.2740441919191919,0.06820512452190879,0.07762096774193548,0.1797983870967742,0.040685483870967744,0.42598790322580643,0.27306451612903226
413,2017-06-04,2351,0.2692581755062239,-0.257303815405431,0.07784620506125792,0.07911101658868568,0.20523181624840495,0.037307528711186734,0.41369204593789877,0.2595363675031901
414,2017-06-11,257,0.28069555852644085,-0.28273565265752765,0.09203466712707957,0.06233463035019455,0.20910505836575877,0.04957198443579767,0.40704280155642025,0.2599610894941634
415,2017-06-18,75,0.3085693671407957,-0.4571874999999999,0.05470479969765684,0.06866666666666667,0.17933333333333332,0.024666666666666667,0.44373333333333337,0.28213333333333335
416,2017-06-25,117,0.26708448346079006,-0.4104861111111111,0.06260560647465409,0.060000000000000005,0.17145299145299145,0.02820512820512821,0.4570940170940171,0.2824786324786325
417,2017-07-02,137,0.27613150454987184,-0.2717380952380952,0.08044571102052853,0.1254014598540146,0.14744525547445256,0.05226277372262774,0.4243795620437956,0.2494890510948905
418,2017-07-09,706,0.2729144434319044,-0.23574490941157605,0.08981743023668104,0.08708215297450425,0.19386685552407934,0.039150141643059494,0.37279036827195466,0.294971671388102
419,2017-07-16,296,0.26745723055174275,-0.26717276936026935,0.10265377620065119,0.10871621621621622,0.16054054054054054,0.04922297297297298,0.38094594594594594,0.29307432432432434
420,2017-07-23,123,0.24181145874327692,-0.2758820861678004,0.06100304836149782,0.08983739837398375,0.21739837398373985,0.032032520325203255,0.435609756097561,0.22447154471544714
421,2017-07-30,127,0.3196854582531665,-0.24047619047619043,0.16024060202701934,0.0810236220472441,0.14755905511811024,0.03559055118110237,0.5062992125984251,0.2283464566929134
422,2017-08-06,298,0.2546640151751554,-0.2150705076314832,0.06582402648707777,0.09486577181208053,0.19093959731543625,0.039563758389261745,0.45604026845637585,0.20436241610738254
423,2017-08-13,337,0.2298082121106018,-0.22615807985873773,0.07415170663925431,0.07492581602373888,0.19,0.03489614243323442,0.41934718100890206,0.2775074183976261
424,2017-08-20,116,0.27250027056277054,-0.256341189674523,0.03316723267154301,0.07732758620689656,0.22603448275862068,0.06146551724137931,0.404051724137931,0.2302586206896552
425,2017-08-27,53,0.22169913419913417,-0.21354166666666666,0.06312602099158701,0.13660377358490566,0.26716981132075474,0.04490566037735849,0.35339622641509433,0.19811320754716982
426,2017-09-03,242,0.29547125944041525,-0.25678461634983374,0.04955082480650662,0.07673553719008265,0.24966942148760332,0.043099173553719006,0.3763223140495868,0.24111570247933886
427,2017-09-10,242,0.25195486191635746,-0.26065376509455457,0.06158844154992325,0.0743801652892562,0.22165289256198348,0.047892561983471076,0.41376033057851236,0.2416115702479339
428,2017-09-17,331,0.27320974126182457,-0.3255573593073593,0.07123108204037207,0.06338368580060423,0.2267371601208459,0.03299093655589124,0.4076737160120846,0.26235649546827794
429,2017-09-24,212,0.2896836526793913,-0.3274553571428571,0.0811730490748769,0.0509433962264151,0.23099056603773585,0.041839622641509436,0.4194811320754717,0.25589622641509435
430,2017-10-01,54,0.22950675587039224,-0.28337301587301583,0.03132697916428074,0.05648148148148148,0.21796296296296294,0.044444444444444446,0.34425925925925926,0.3364814814814815
431,2017-10-08,102,0.24714762506012503,-0.27701388888888884,0.008502794931103758,0.054901960784313725,0.2940196078431373,0.06088235294117647,0.3318627450980392,0.2569607843137255
432,2017-10-15,96,0.2728773530762167,-0.2226658950617284,0.08670446090367963,0.06885416666666667,0.203125,0.059270833333333335,0.42364583333333333,0.24364583333333334
433,2017-10-22,47,0.36428964974419514,-0.25156249999999997,0.1687265608209757,0.08446808510638298,0.22361702127659575,0.022127659574468085,0.4319148936170213,0.2370212765957447
434,2017-10-29,108,0.24272139953542388,-0.29656249999999995,0.04074203509967398,0.0875925925925926,0.19324074074074074,0.05333333333333333,0.38999999999999996,0.2751851851851852
435,2017-11-05,232,0.23324955083043314,-0.19849537037037035,0.08150415259900466,0.06991379310344827,0.12767241379310346,0.030129310344827586,0.45202586206896556,0.289698275862069
436,2017-11-12,165,0.2720242389885247,-0.34269841269841267,0.027960247618075897,0.11836363636363637,0.15715151515151515,0.03921212121212121,0.39878787878787875,0.2735757575757576
437,2017-11-19,143,0.25634329405162737,-0.27600878040610183,0.052996126348399064,0.08734265734265735,0.17734265734265733,0.04153846153846154,0.3983216783216783,0.2595104895104895
438,2017-11-26,46,0.2870761183261183,-0.27777777777777773,0.12083568605307735,0.07086956521739131,0.13108695652173913,0.04152173913043478,0.4410869565217391,0.3160869565217391
439,2017-12-03,90,0.23182583409856133,-0.3035,0.0581194971254495,0.10766666666666666,0.1971111111111111,0.06922222222222223,0.37922222222222224,0.22344444444444445
440,2017-12-10,91,0.23562165017522158,-0.27075473484848483,0.02287421903493331,0.0767032967032967,0.17824175824175822,0.029670329670329672,0.38318681318681314,0.33153846153846156
441,2017-12-17,179,0.2840885792448292,-0.259932917611489,0.0787097051731928,0.10329608938547487,0.15927374301675978,0.053966480446927374,0.4589944134078212,0.2017877094972067
442,2017-12-24,153,0.3019930655763989,-0.1843962585034013,0.1374946826654343,0.10176470588235294,0.1796078431372549,0.02104575163398693,0.4772549019607843,0.2196732026143791
443,2017-12-31,339,0.2758347576639798,-0.23631931012250157,0.06917296815555875,0.13398230088495575,0.1471386430678466,0.04200589970501475,0.4062241887905605,0.2638643067846608
444,2018-01-07,112,0.21282598714416895,-0.22465659340659336,0.031289110884498754,0.07339285714285715,0.174375,0.034999999999999996,0.4900892857142857,0.21696428571428572
445,2018-01-14,79,0.22933373917748914,-0.21468253968253964,0.041204323981222715,0.09531645569620253,0.17379746835443038,0.03835443037974684,0.46835443037974683,0.22341772151898737
446,2018-01-21,107,0.20980112542444074,-0.34045454545454545,0.08171667321700697,0.047850467289719624,0.14738317757009345,0.030280373831775703,0.45719626168224303,0.30700934579439254
447,2018-01-28,115,0.3278993670470943,-0.2766015417331207,0.086665615785181,0.08686956521739131,0.198,0.04139130434782609,0.45008695652173913,0.22382608695652176
448,2018-02-04,64,0.2838945005611672,-0.27819940476190474,0.09076839826839826,0.04875,0.2509375,0.05390625,0.43890625,0.20734375
449,2018-02-11,34,0.2526711309523809,-0.17986111111111108,0.04283884008148713,0.08,0.20705882352941177,0.040882352941176474,0.5097058823529411,0.1623529411764706
450,2018-02-18,38,0.24829119769119765,,0.1073821878831277,0.06105263157894738,0.2831578947368421,0.05421052631578947,0.41131578947368425,0.19026315789473686
451,2018-02-25,48,0.21415859273002127,-0.18541666666666665,0.055486336580086566,0.041666666666666664,0.254375,0.02729166666666667,0.48125,0.17479166666666668
452,2018-03-04,65,0.2522772366522366,-0.27914814814814815,0.02568366355866355,0.09030769230769231,0.13476923076923075,0.06892307692307693,0.5047692307692309,0.20061538461538464
453,2018-03-11,34,0.21573919857199073,-0.2520833333333333,0.05973877050820327,0.07764705882352942,0.21823529411764706,0.04176470588235294,0.43500000000000005,0.22647058823529412
454,2018-03-18,38,0.2250059523809524,-0.25,0.04798506683375105,0.09263157894736843,0.22947368421052633,0.06315789473684211,0.3621052631578947,0.25157894736842107
455,2018-03-25,44,0.272687074829932,-0.2166666666666666,0.13656385281385283,0.04363636363636363,0.1784090909090909,0.07590909090909091,0.3859090909090909,0.31613636363636366
456,2018-04-01,59,0.34053545660688517,-0.24444444444444438,0.08360765646782596,0.08830508474576271,0.1883050847457627,0.042881355932203394,0.4886440677966102,0.19084745762711863
457,2018-04-08,97,0.2350230012260087,-0.18864583333333332,0.07617999902241432,0.04845360824742268,0.21463917525773196,0.034226804123711346,0.42288659793814437,0.2793814432989691
458,2018-04-15,91,0.24976636539136535,-0.28327546296296297,0.06292985784057212,0.06406593406593407,0.22296703296703296,0.01945054945054945,0.475054945054945,0.2175824175824176
459,2018-04-22,91,0.29353264074990265,-0.29427609427609425,0.10952448014948016,0.11692307692307694,0.2352747252747253,0.009340659340659342,0.41714285714285715,0.2210989010989011
460,2018-04-29,120,0.272866839296924,-0.2793518518518518,0.10090898819544653,0.09783333333333334,0.17558333333333334,0.04641666666666667,0.3470833333333333,0.33225
461,2018-05-06,45,0.3356271902700474,-0.28711793257247803,0.04281817565150898,0.07733333333333334,0.336,0.021333333333333336,0.366,0.19866666666666666
462,2018-05-13,68,0.22270011982065552,-0.2769491792929293,0.03053397684831508,0.07588235294117647,0.23044117647058823,0.032058823529411765,0.4329411764705883,0.21382352941176472
463,2018-05-20,39,0.21297352406048056,-0.23333333333333328,0.11937870000369998,0.07666666666666667,0.19333333333333333,0.10461538461538462,0.36025641025641025,0.23769230769230767
464,2018-05-27,78,0.21448388839261853,-0.2583333333333333,0.14695409583802438,0.09935897435897435,0.14307692307692307,0.08102564102564103,0.41128205128205125,0.26256410256410256
465,2018-06-03,118,0.19343672438672435,-0.43190476190476185,0.11740510889769362,0.09796610169491526,0.18338983050847457,0.06559322033898306,0.35983050847457626,0.2805084745762712
466,2018-06-10,202,0.2656806193806194,-0.202780161306947,0.06365333378575952,0.0858910891089109,0.1970792079207921,0.036138613861386136,0.38564356435643565,0.2744059405940594
467,2018-06-17,74,0.22037658955627704,-0.3083333333333333,0.07936325123825123,0.06175675675675676,0.18945945945945947,0.07729729729729731,0.40405405405405403,0.23972972972972975
468,2018-06-24,72,0.27323345057720055,-0.516540404040404,-0.027654199902463785,0.06722222222222222,0.16777777777777778,0.07916666666666666,0.44611111111111107,0.2251388888888889
469,2018-07-01,99,0.25936304370232943,-0.2812651515151515,0.032876401096098073,0.05747474747474748,0.21010101010101012,0.06121212121212122,0.4377777777777778,0.23313131313131316
470,2018-07-08,108,0.25494211960878627,-0.23012345679012344,0.04889658823686602,0.1565740740740741,0.17203703703703704,0.047407407407407405,0.3668518518518518,0.24768518518518517
471,2018-07-15,127,0.28040851140585177,-0.36416062801932364,0.043870685198441096,0.09708661417322835,0.17590551181102362,0.06559055118110237,0.36669291338582677,0.294251968503937
472,2018-07-22,44,0.25205191798941795,-0.20928935185185185,0.027173042655997202,0.08681818181818182,0.18477272727272728,0.02090909090909091,0.4697727272727273,0.21477272727272725
473,2018-07-29,193,0.23303017855832622,-0.2339624713521772,0.034694861537015495,0.13331606217616582,0.20528497409326427,0.06227979274611399,0.3889119170984456,0.20870466321243525
474,2018-08-05,133,0.23578455104985713,-0.3861797083387992,-0.021719867463959843,0.09157894736842105,0.23902255639097744,0.044511278195488724,0.3936842105263158,0.23090225563909775
475,2018-08-12,160,0.2552573608424672,-0.34083111577964514,0.004249078422404317,0.0831875,0.227,0.067,0.3774375,0.2453125
476,2018-08-19,98,0.2412714977765998,-0.2172435897435897,0.1008335726065318,0.09469387755102042,0.22224489795918367,0.07193877551020408,0.4372448979591837,0.17275510204081632
477,2018-08-26,130,0.26129986622174123,-0.25778273809523805,0.07796003104038818,0.15276923076923077,0.19469230769230772,0.09076923076923077,0.395,0.15876923076923077
478,2018-09-02,80,0.2673108959492888,-0.24888888888888888,0.07149292027417029,0.158375,0.20587499999999997,0.061875,0.373625,0.1875
479,2018-09-09,91,0.257640081573755,-0.2710565476190476,0.09868482198074034,0.15835164835164836,0.17692307692307693,0.01087912087912088,0.40923076923076923,0.23197802197802198
480,2018-09-16,180,0.2684268785906984,-0.24213907785336355,0.08822540994792978,0.0843888888888889,0.2441111111111111,0.03038888888888889,0.37733333333333335,0.2515555555555556
481,2018-09-23,69,0.2074052696274918,-0.321685606060606,0.04810157363340593,0.11289855072463768,0.17231884057971014,0.0327536231884058,0.41333333333333333,0.26710144927536233
482,2018-09-30,93,0.29595657572401757,-0.31593714927048255,0.11846835449994052,0.06870967741935484,0.16150537634408602,0.06172043010752688,0.4334408602150538,0.26225806451612904
483,2018-10-07,186,0.23664550727050723,-0.27249972032419767,-0.007232375530042581,0.05666666666666667,0.2114516129032258,0.05139784946236559,0.4076881720430107,0.25553763440860217
484,2018-10-14,634,0.24968557279440773,-0.2587600073537573,0.06342188225822463,0.061561514195583596,0.20542586750788644,0.04351735015772871,0.44381703470031547,0.23717665615141956
485,2018-10-21,278,0.2829401942448059,-0.27193744164332395,0.07833129794865405,0.08269784172661872,0.1906115107913669,0.058848920863309354,0.37028776978417266,0.29672661870503597
486,2018-10-28,100,0.21596937113066145,-0.26953125,0.02445731292517006,0.06060000000000001,0.1677,0.027800000000000002,0.47859999999999997,0.2649
487,2018-11-04,194,0.2141154250170712,-0.19451527798510554,0.04427766653756161,0.09644329896907217,0.17984536082474228,0.0543298969072165,0.4322680412371134,0.22036082474226804
488,2018-11-11,91,0.2529800232535622,-0.3373958333333333,0.04218196726742644,0.10186813186813186,0.22615384615384618,0.052637362637362635,0.38076923076923075,0.22714285714285717
489,2018-11-18,354,0.2594718364197531,-0.26318897306397304,0.06431915400983197,0.057288135593220345,0.21096045197740115,0.024717514124293787,0.4666949152542373,0.23940677966101695
490,2018-11-25,792,0.25373562991087906,-0.2710391084793951,0.034141723963332905,0.06325757575757576,0.15893939393939396,0.0657070707070707,0.40556818181818177,0.2918560606060606
491,2018-12-02,951,0.24740992399231648,-0.30836149054899054,0.0415162295031981,0.08888538380651946,0.19570977917981072,0.042975814931650896,0.4024290220820189,0.2577917981072555
492,2018-12-09,709,0.27090353227598124,-0.28253852979715044,0.059350334545138585,0.05410437235543018,0.1996755994358251,0.04930888575458392,0.48294781382228497,0.20179125528913963
493,2018-12-16,566,0.2560257619610991,-0.22728500355366024,0.05242114941329353,0.06648409893992933,0.19793286219081271,0.03954063604240283,0.4654063604240283,0.21724381625441697
494,2018-12-23,189,0.2658632001073861,-0.2353332827017037,0.018673048671395225,0.07687830687830688,0.19544973544973543,0.06534391534391534,0.406031746031746,0.23492063492063492
495,2018-12-30,244,0.24127245118826748,-0.2809350198412698,0.06659353965029462,0.10049180327868852,0.24098360655737705,0.04577868852459016,0.4077868852459016,0.1950409836065574
496,2019-01-06,262,0.25352719777827537,-0.3078527880849309,0.07822600551131084,0.07458015267175572,0.23721374045801527,0.05312977099236641,0.38209923664122136,0.2336259541984733
497,2019-01-13,184,0.2689397408147408,-0.3279618424504788,0.05492617286095546,0.10320652173913045,0.1809782608695652,0.05342391304347826,0.39489130434782604,0.26625
498,2019-01-20,89,0.2587801001082251,-0.24308531746031745,0.07895957974609659,0.05303370786516853,0.1934831460674157,0.08112359550561797,0.41438202247191014,0.2462921348314607
499,2019-01-27,315,0.2542126592804559,-0.19963556998556997,0.07338243960624913,0.06320634920634921,0.23879365079365078,0.04641269841269841,0.4645396825396826,0.18022222222222223
500,2019-02-03,270,0.2933808809336407,-0.2217981118583797,0.05747959310922273,0.10611111111111111,0.17337037037037037,0.043,0.4264814814814815,0.24614814814814812
501,2019-02-10,429,0.2698913672642486,-0.23971930846930845,0.09533623363168817,0.08703962703962705,0.1888811188811189,0.0413986013986014,0.40923076923076923,0.2681818181818182
502,2019-02-17,654,0.26299088984010505,-0.24677538602326735,0.07313389997984798,0.08287461773700307,0.20781345565749235,0.034021406727828746,0.41027522935779814,0.2581345565749235
503,2019-02-24,415,0.2493706145584057,-0.24691317941317942,0.08715004933152523,0.08404819277108434,0.22491566265060242,0.0415421686746988,0.40409638554216865,0.23739759036144578
504,2019-03-03,560,0.2700311445741738,-0.27588890457368714,0.10337227153397432,0.08526785714285715,0.17967857142857144,0.028678571428571425,0.4094107142857143,0.2840535714285714
505,2019-03-10,334,0.2599446058327637,-0.242991130246565,0.10938667038217935,0.09053892215568862,0.18982035928143712,0.05041916167664671,0.4010778443113773,0.255748502994012
506,2019-03-17,544,0.2442965367965368,-0.31185013828763825,0.07277703432153393,0.08841911764705883,0.18360294117647058,0.026250000000000002,0.4407169117647059,0.24943014705882352
507,2019-03-24,332,0.24175418808403706,-0.2654335742482294,0.04940728313428936,0.0810843373493976,0.2099698795180723,0.03349397590361446,0.44524096385542167,0.22370481927710842
508,2019-03-31,467,0.26088601822757473,-0.27661668634395903,0.0703808793535583,0.070406852248394,0.23184154175588864,0.029100642398286938,0.42177730192719487,0.24411134903640258
509,2019-04-07,274,0.2778792555181444,-0.2561116908884766,0.0868102473791994,0.07875912408759125,0.21109489051094893,0.03328467153284672,0.42324817518248176,0.24605839416058395
510,2019-04-14,328,0.29847563167771285,-0.25452694805194803,0.09006731687449965,0.0728658536585366,0.24060975609756097,0.02981707317073171,0.4225609756097561,0.23024390243902437
511,2019-04-21,796,0.2281202787512311,-0.2563676196488696,0.04958522837336548,0.11483668341708542,0.18056532663316582,0.04753768844221106,0.4097110552763819,0.23780150753768844
512,2019-04-28,515,0.2604940553273887,-0.2124340483234714,0.07227894610363088,0.11819417475728156,0.20236893203883494,0.04636893203883495,0.39242718446601943,0.232252427184466
513,2019-05-05,598,0.25343491833930654,-0.2309826994604222,0.058611713635632647,0.08744147157190635,0.1915217391304348,0.04102006688963211,0.42031772575250836,0.24921404682274248
514,2019-05-12,679,0.26936732863984414,-0.23405756877531067,0.07335693641923917,0.08107511045655376,0.19253313696612664,0.06667157584683359,0.40608247422680416,0.23658321060382917
515,2019-05-19,649,0.2590990202940087,-0.20809570528320523,0.09370411464651228,0.07970724191063175,0.189768875192604,0.038998459167950694,0.44519260400616334,0.23631741140215717
516,2019-05-26,280,0.2600322953336346,-0.2731805154721821,0.06814800473760932,0.07832142857142857,0.19403571428571428,0.02667857142857143,0.46371428571428575,0.2365
517,2019-06-02,335,0.2757817584714136,-0.25302777777777774,0.0880411847687967,0.07895522388059702,0.18653731343283583,0.02683582089552239,0.46420895522388056,0.23701492537313434
518,2019-06-09,919,0.261586724015558,-0.25460096656217346,0.06807974180551127,0.095930359085963,0.19653971708378673,0.04219804134929271,0.40364526659412403,0.25195865070729057
519,2019-06-16,527,0.250674864304488,-0.2540507560072777,0.07664322466523264,0.06370018975332069,0.20500948766603416,0.044611005692599626,0.4562998102466793,0.2183111954459203
520,2019-06-23,543,0.2807845749895714,-0.24458836602355122,0.06880271058513626,0.08208103130755065,0.18570902394106814,0.04994475138121547,0.4568876611418048,0.22482504604051565
521,2019-06-30,731,0.30622090724389106,-0.24604820025653357,0.10335415889761697,0.08451436388508891,0.2006155950752394,0.03906976744186047,0.4394938440492476,0.22740082079343363
522,2019-07-07,388,0.29914235695459584,-0.2169762886215092,0.1184365832367259,0.09201030927835052,0.1665979381443299,0.04891752577319588,0.41391752577319585,0.27234536082474226
523,2019-07-14,534,0.287352354367673,-0.3018160769236501,0.06783723737669697,0.09368913857677903,0.19207865168539326,0.053352059925093634,0.4255430711610487,0.22689138576779025
524,2019-07-21,261,0.2532664703086622,-0.22857900432900433,0.12872933493127117,0.11107279693486591,0.1693103448275862,0.046053639846743294,0.4442911877394636,0.22789272030651342
525,2019-07-28,343,0.25001086122147764,-0.2391955073696145,0.09363890303743488,0.10291545189504374,0.18379008746355685,0.04387755102040816,0.44096209912536444,0.21612244897959182
526,2019-08-04,677,0.2757420373650463,-0.21316444666444664,0.10123551219497094,0.08314623338257016,0.20680945347119645,0.051595273264401775,0.4234564254062039,0.22376661742983753
527,2019-08-11,607,0.25194989569609133,-0.30710621907126145,0.03886261914072869,0.06507413509060955,0.17683690280065897,0.05512355848434926,0.45423393739703466,0.2446128500823723
528,2019-08-18,569,0.2662812415449134,-0.2893554593554593,0.10173787104845665,0.0838664323374341,0.21755711775043937,0.05553602811950791,0.39474516695957823,0.233286467486819
529,2019-08-25,1089,0.2660313586442244,-0.2777511667305971,0.0646711358839294,0.07125803489439854,0.19798898071625345,0.045133149678604226,0.45180899908172634,0.2264830119375574
530,2019-09-01,806,0.2636674117807658,-0.23525348617982544,0.08104225227857138,0.07259305210918114,0.1944913151364764,0.04775434243176179,0.4162158808933003,0.24705955334987592
531,2019-09-08,1020,0.28202381377976615,-0.26624641485695205,0.09794381374603714,0.07819607843137255,0.2432745098039216,0.053264705882352936,0.4084313725490196,0.21416666666666667
532,2019-09-15,384,0.29252362775994084,-0.2965023210542078,0.09403809271499003,0.07127604166666666,0.16864583333333336,0.06645833333333333,0.45398437500000005,0.21786458333333333
533,2019-09-22,1533,0.25247606514394955,-0.2828726078111324,0.08628493405786411,0.08412263535551208,0.18257012393998695,0.04444879321591651,0.4519308545335943,0.2256099151989563
534,2019-09-29,756,0.24481694633170326,-0.22743551030588063,0.07535127822105807,0.07574074074074073,0.1872222222222222,0.06261904761904763,0.42674603174603176,0.23890211640211642
535,2019-10-06,211,0.3140128737003737,-0.277505291005291,0.08036927024867106,0.07393364928909953,0.19971563981042653,0.06928909952606635,0.4684834123222749,0.18786729857819906
536,2019-10-13,369,0.24868020038823607,-0.18028333333333332,0.0902175252981486,0.07390243902439024,0.20607046070460705,0.05528455284552846,0.4482384823848239,0.21046070460704605
537,2019-10-20,409,0.2642984234274961,-0.22101129860599555,0.09936858520097254,0.07858190709046455,0.18711491442542788,0.03853300733496332,0.45855745721271396,0.2260635696821516
538,2019-10-27,222,0.27731931574979324,-0.1931841506194954,0.08752222663680997,0.12454954954954954,0.18842342342342341,0.06486486486486487,0.43500000000000005,0.1773873873873874
539,2019-11-03,284,0.25960653803475586,-0.2473532261389404,0.05573590699439542,0.10535211267605635,0.17235915492957748,0.09327464788732395,0.38102112676056343,0.21588028169014084
540,2019-11-10,566,0.2684634580597499,-0.2305637785417197,0.07194564410784123,0.10291519434628975,0.18332155477031803,0.06791519434628975,0.4046289752650177,0.21757950530035336
541,2019-11-17,452,0.29575025490200413,-0.25479246397724653,0.07960777299123287,0.09278761061946902,0.21336283185840707,0.08265486725663716,0.3657522123893805,0.22493362831858407
542,2019-11-24,367,0.26318942797844913,-0.20558644480519475,0.07633235148023577,0.09359673024523162,0.20095367847411444,0.05138964577656675,0.4320980926430518,0.20787465940054498
543,2019-12-01,922,0.26411737167910476,-0.3653604430175659,0.026293422308461427,0.08800433839479392,0.1814533622559653,0.037819956616052065,0.43715835140997833,0.23554229934924079
544,2019-12-08,793,0.2940836788211788,-0.3296219135802469,0.04106982881265668,0.06878940731399748,0.21162673392181588,0.06258511979823456,0.40609079445145024,0.24128625472887769
545,2019-12-15,608,0.24784977303398356,-0.24668664254485145,0.07843057365240753,0.08006578947368422,0.24638157894736845,0.061825657894736846,0.40773026315789473,0.20004934210526315
546,2019-12-22,615,0.25960378373005927,-0.2934341620420098,0.08101497470138584,0.10601626016260163,0.20243902439024392,0.06242276422764228,0.42767479674796743,0.19284552845528458
547,2019-12-29,694,0.2617660095856524,-0.24174050182273865,0.07259999924998381,0.10492795389048992,0.20956772334293947,0.06887608069164265,0.3913976945244957,0.20402017291066282
548,2020-01-05,596,0.26853115393061044,-0.24958636105957532,0.05980704758515161,0.08221476510067115,0.21694630872483223,0.052953020134228194,0.42338926174496644,0.21412751677852349
549,2020-01-12,328,0.2905652388547125,-0.26932864357864356,0.05984202048798085,0.07310975609756097,0.2014939024390244,0.06929878048780488,0.4322256097560976,0.2203658536585366
550,2020-01-19,959,0.26739541990703497,-0.27721425187125637,0.058376917517409845,0.065422314911366,0.19586027111574558,0.058008342022940564,0.46854014598540145,0.20291970802919707
551,2020-01-26,192,0.2654074939288354,-0.2530708874458874,0.08781636585347523,0.08541666666666665,0.18234375,0.07229166666666667,0.4240625,0.23520833333333335
